Data de Cadastro,ID,Produto,ABC,Categoria,Tamanho,UN,Estoque Minimo,Status
15/06/2025 16:06:54,1,Açucar Refinado *União*,A,Panificação,10 X 1KG,Fardo,80,Ativo
15/06/2025 16:06:54,2,Açucar Cristal,B,Panificação,6 X 5KG,UN,30,Ativo
15/06/2025 16:06:54,3,Açucar Sache,C,Atendimento,,CX,2,Ativo
15/06/2025 16:06:54,4,Açucar Gelado,A,Panificação,10 X 500G,UN,2,Ativo
15/06/2025 16:06:54,5,Adoçante Sache,B,Atendimento,,CX,2,Ativo
15/06/2025 16:06:54,6,Açucar Granulado *Doçucar*,C,Panificação,10 X 1KG,UN,10,Ativo
15/06/2025 16:06:54,7,Açucar Impalpável,A,Confeitaria,1kg,Pacote,2,Ativo
15/06/2025 16:06:54,8,Açucar Mascavo *Canavial*,B,Panificação,1KG,Pacote,1,Ativo
15/06/2025 16:06:54,9,Amendoim Granulado Torrado Sem Sal *Balsamo*,C,Confeitaria,1Kg,Pacote,2,Ativo
15/06/2025 16:06:54,10,Amendoim Inteiro Despeliculado Torrado Sem Sal,A,Confeitaria,20 X 500G,Pacote,6,Ativo
15/06/2025 16:06:54,11,Amendoim Moido Torrado Sem Sal (Macaron),B,Confeitaria,500g,Pacote,2,Ativo
15/06/2025 16:06:54,12,Amido De Milho *Amafil 5Kg*,C,Panificação,5KG,UN,1,Ativo
15/06/2025 16:06:54,13,Apresuntado,A,Frios,1Pç,KG,80,Ativo
15/06/2025 16:06:54,14,Arame Recapacado 7 Cm,B,Embalagens,,Pacote,2,Ativo
15/06/2025 16:06:54,15,Arroz Japonês Grão Curto *Rei Artur*,C,Sushi,,PACOTES,6,Ativo
15/06/2025 16:06:54,16,Arroz Japonês Grão Longo *Guin*,A,Sushi,,PACOTES,6,Ativo
15/06/2025 16:06:54,17,Assadeira Redonda Descartavel 140ml para Empada,B,Embalagens,,CX,2,Ativo
15/06/2025 16:06:54,18,Assadeira Redonda Descartavel 45ml para Empada,C,Embalagens,,CX,2,Ativo
15/06/2025 16:06:54,19,Atum em Pedaço,A,Sushi,,,2,Ativo
15/06/2025 16:06:54,20,Aveia Em Flocos Fino,B,Panificação,1KG,Pacote,2,Ativo
15/06/2025 16:06:54,21,Azeite (Oleo Composto),C,Panificação,5L,Galão,2,Ativo
15/06/2025 16:06:54,22,Azeitona Preta Fatiada,A,Pizzaria,2KG,Balde,3,Ativo
15/06/2025 16:06:54,23,Azeitona Verde Fatiada,B,Pizzaria,2KG,Balde,6,Ativo
15/06/2025 16:06:54,24,Bacon Cubo,C,Frios,10Kg,CX,100,Ativo
15/06/2025 16:06:54,25,Bacon Fatiado,A,Frios,1Kg,CX,7,Ativo
15/06/2025 16:06:54,26,Bandeija Isopor B1 Cr01,B,Embalagens,,FD,3,Ativo
15/06/2025 16:06:54,27,Bandeija Isopor B2 Cr02,C,Embalagens,,FD,3,Ativo
15/06/2025 16:06:54,28,Bandeija Isopor B3 Cr03,A,Embalagens,,Fardo,1,Ativo
15/06/2025 16:06:54,29,Base Isopor Reta Redonda 15cm,B,Embalagens,,FD,2,Ativo
15/06/2025 16:06:54,30,Base Isopor Reta Retangular 210 X 140Mm,C,Embalagens,,FD,2,Ativo
15/06/2025 16:06:54,31,Batata em Flocos,A,Panificação,1 KG,Pacote,1,Ativo
15/06/2025 16:06:54,32,Batata Palha GROSSA,B,Pizzaria,1KG,Pacote,5,Ativo
15/06/2025 16:06:54,33,Biscoito Champagne,C,Confeitaria,-,Pacote,5,Ativo
15/06/2025 16:06:54,34,Biscoito da Sorte,A,Sushi,,,,Ativo
15/06/2025 16:06:54,35,Biscoito Moido Negresco,B,Confeitaria,1KG,Pacote,8,Ativo
15/06/2025 16:06:54,36,Biscoito Oreo 90g,C,Confeitaria,-,UN,10,Ativo
15/06/2025 16:06:54,37,Bobina Filme Pvc 380Mm Transparente,A,Embalagens,,UN,3,Ativo
15/06/2025 16:06:54,38,Bobina G 40X60,B,Embalagens,,UN,4,Ativo
15/06/2025 16:06:54,39,Bobina M 35X50,C,Embalagens,,UN,2,Ativo
15/06/2025 16:06:54,40,Bobina P 30X40,A,Embalagens,,UN,2,Ativo
15/06/2025 16:06:54,41,Bolacha Maizena,B,Confeitaria,-,Pacote,10,Ativo
15/06/2025 16:06:54,42,Bombom Ouro Branco *Lacta*,C,Confeitaria,1 KG,Pacote,20,Ativo
15/06/2025 16:06:54,43,Bombom Sonho de Valsa *Lacta*,A,Confeitaria,1 KG,Pacote,20,Ativo
15/06/2025 16:06:54,44,Calabresa,B,Frios,2x3kg,KG,120,Ativo
15/06/2025 16:06:54,45,Calda De Pudim *Itaiquara*,C,Confeitaria,5L,Unid,2,Ativo
15/06/2025 16:06:54,46,Calda Três Leites *Richs*,A,Confeitaria,1 L,Unid,24,Ativo
15/06/2025 16:06:54,47,Caldo de Carne Industrial,B,Pizzaria,1KG,Pacote,2,Ativo
15/06/2025 16:06:54,48,Caldo De Galinha Industral,C,Pizzaria,1KG,Pacote,6,Ativo
15/06/2025 16:06:54,49,Camarão *LIMPO E SEM VÍCERAS*,A,Sushi,1kg,,1,Ativo
15/06/2025 16:06:54,50,Canela Em Casca,B,Panificação,1KG,PACOTE,1,Ativo
15/06/2025 16:06:54,51,Canela Em Pó,C,Panificação,500G,Pacote,2,Ativo
15/06/2025 16:06:54,52,Canudinho De Wafer Baunilha *Marvi*,A,Confeitaria,1Kg,Caixa,1,Ativo
15/06/2025 16:06:54,53,Canudos Descartável Plástico,B,Atendimento,,CX,1,Ativo
15/06/2025 16:06:54,54,Castanha Caju Triturada *Fina* *X2T*,C,Confeitaria,1Kg,UN,2,Ativo
15/06/2025 16:06:54,55,"Catchup *Dajuda* 3,5 Kg",A,Cozinha,,CX,1,Ativo
15/06/2025 16:06:54,56,Cebola Caramelizada,B,Atendimento,,CX,2,Ativo
15/06/2025 16:06:54,57,Cereja Talo *Curico*,C,Confeitaria,"1,65Kg",Lata,2,Ativo
15/06/2025 16:06:54,58,Cerelis,A,Confeitaria,3Kg,Balde,1,Ativo
15/06/2025 16:06:54,59,Chantilly *ChantyPak*,B,Confeitaria,12 X 1L,Caixa,24,Ativo
15/06/2025 16:06:54,60,Chantilly *Hulala*,C,Confeitaria,12 X 1L,Caixa,24,Ativo
15/06/2025 16:06:54,61,Chantilly Chocolate *Pastry Pride*,A,Confeitaria,12 X 1L,Caixa,12,Ativo
15/06/2025 16:06:54,62,Choco Power Micro Colorido,B,Confeitaria,500G,Unidade,2,Ativo
15/06/2025 16:06:54,63,Chocolate Em Gotas Ao Leite Chipshow,C,Confeitaria,"2,5Kg",Pacote,1,Ativo
15/06/2025 16:06:54,64,Chocolate em Po 100% Cacau (Alcalino),A,Confeitaria,"1,00Kg",Pacote,3,Ativo
15/06/2025 16:06:54,65,Chocolate Em Po 33%Cacau *Harald*,B,Confeitaria,"1,05Kg",Unidade,20,Ativo
15/06/2025 16:06:54,66,Chocolate Em Pó 50% Cacau *Harald*,C,Confeitaria,"1,05Kg",Pacote,15,Ativo
15/06/2025 16:06:54,67,Chocolate Granulado Crocante *Harald*,A,Confeitaria,1 Kg,Pacote,5,Ativo
15/06/2025 16:06:54,68,Chocolate Granulado Em Escamas *Harald*,B,Confeitaria,500G,Pacote,5,Ativo
15/06/2025 16:06:54,69,Chocolate Granulé Ao Leite *Harald*,C,Confeitaria,400g,Pacote,15,Ativo
15/06/2025 16:06:54,70,Cobertura de Limão (Sorvete) *Selecta*,A,Confeitaria,1L,Unidade,1,Ativo
15/06/2025 16:06:54,71,Cobertura Top Ao Leite Moeda *Harald*,B,Confeitaria,2Kg,Unidade,18,Ativo
15/06/2025 16:06:54,72,Cobertura Top Branca Moeda *Harald*,C,Confeitaria,2Kg,Unidade,4,Ativo
15/06/2025 16:06:54,73,Cobertura Top Meio Amargo Moeda *Harald*,A,Confeitaria,2Kg,Unidade,10,Ativo
15/06/2025 16:06:54,74,Coco Em Flocos Adoçado *Sococo*,B,Confeitaria,5Kg,,4,Ativo
15/06/2025 16:06:54,75,Coco Ralado Fino *(Exceto Copra)*,C,Confeitaria,10Kg,Pacote,1,Ativo
15/06/2025 16:06:54,76,Colorífico em Pó,A,Pizzaria,1KG,Pacote,1,Ativo
15/06/2025 16:06:54,77,Confeito Coração,B,Confeitaria,150G,Pacote,5,Ativo
15/06/2025 16:06:54,78,Confeito Disquete Chocolate Colorido,C,Confeitaria,,,5,Ativo
15/06/2025 16:06:54,79,Confeito Estrelinha,A,Confeitaria,150G,Pacote,5,Ativo
15/06/2025 16:06:54,80,Copo Descartavel 200Ml (CAIXA),B,Atendimento,,CX,2,Ativo
15/06/2025 16:06:54,81,Copo Diamante 180 Ml Pote e Tampa,C,Embalagens,,CX,12,Ativo
15/06/2025 16:06:54,82,Copo Térmico 40 X 25 CTT120 (CAIXA),A,Atendimento,,CX,1,Ativo
15/06/2025 16:06:54,83,Copo Térmico 40 X 25 CTT240 (CAIXA),B,Atendimento,,CX,1,Ativo
15/06/2025 16:06:54,84,Copo Transparente 330ML Liso,C,Embalagens,,CX,1,Ativo
15/06/2025 16:06:54,85,Cream Cheese,A,Sushi,1Kg,Bag,2,Ativo
15/06/2025 16:06:54,86,Creme De Avela *Puratos*,B,Confeitaria,4Kg,Balde,4,Ativo
15/06/2025 16:06:54,87,Creme De Avela C/Cacau *Triangulo*,C,Confeitaria,3Kg,Balde,8,Ativo
15/06/2025 16:06:54,88,Creme De Leite Culinario *Damare*,A,Confeitaria,12 X 1L,Caixa,100,Ativo
15/06/2025 16:06:54,89,D12 - Wyda,B,Embalagens,,CX,2,Ativo
15/06/2025 16:06:54,90,D6 - Wyda - (Bolo Inglês / Batata Recheada),C,Embalagens,,CX,2,Ativo
15/06/2025 16:06:54,91,Desinfetante *Floral*,A,Limpeza,5 L,UN,30,Ativo
15/06/2025 16:06:54,92,Detergente Clorado,B,Limpeza,5 L,UN,8,Ativo
15/06/2025 16:06:54,93,Detergente Neutro,C,Limpeza,5 L,UN,80,Ativo
15/06/2025 16:06:54,94,Doce De Leite Tradicional *Itambe*,A,Confeitaria,5Kg,Balde,7,Ativo
15/06/2025 16:06:54,95,Embalagem DPC-01,B,Embalagens,,CAIXA,2,Ativo
15/06/2025 16:06:54,96,Embalagem G - 10 - Doces,C,Embalagens,,CX,2,Ativo
15/06/2025 16:06:54,97,Embalagem G - 20 - Bolo Inglês,A,Embalagens,,CX,0,Ativo
15/06/2025 16:06:54,98,Embalagem G - 32MM *Preta* - Bolo Tradicional,B,Embalagens,,CX,4,Ativo
15/06/2025 16:06:54,99,Embalagem G - 35MA *Preta* - Pudim,C,Embalagens,,CX,3,Ativo
15/06/2025 16:06:54,100,Embalagem G - 50 - Tampa Alta (CTA),A,Embalagens,,CX,2,Ativo
15/06/2025 16:06:54,101,Embalagem G - 50MA *Preta*,B,Embalagens,,CX,2,Ativo
15/06/2025 16:06:54,102,Embalagem G - 56 MA *Preta*,C,Embalagens,,CX,1,Ativo
15/06/2025 16:06:54,103,Embalagem G - 60 - Somente a Base,A,Embalagens,,CX,0,Ativo
15/06/2025 16:06:54,104,Embalagem G - 62M Preta,B,Embalagens,,CX,2,Ativo
15/06/2025 16:06:54,105,Embalagem G - 630 - Fatias Bolo,C,Embalagens,,CX,1,Ativo
15/06/2025 16:06:54,106,Embalagem G - 65M Branca,A,Embalagens,,CX,1,Ativo
15/06/2025 16:06:54,107,Embalagem G - 670 - Mini Sonho,B,Embalagens,,CX,1,Ativo
15/06/2025 16:06:54,108,Embalagem G - 677 - Copo com Tampa 250 Ml - (Copo da Felicidade),C,Embalagens,,CX,2,Ativo
15/06/2025 16:06:54,109,Embalagem G - 680 - Bombom no pote,A,Embalagens,,CX,2,Ativo
15/06/2025 16:06:54,110,Embalagem G - 690 - Cup Cake,B,Embalagens,,CX,1,Ativo
15/06/2025 16:06:54,111,Embalagem G - 70 - Torta quadrada,C,Embalagens,,CX,1,Ativo
15/06/2025 16:06:54,112,Embalagem G - 880 - Tampa Copo da Felicidade (330ml),A,Embalagens,,CX,1,Ativo
15/06/2025 16:06:54,113,Embalagem G - 90 - Bolo Invertido,B,Embalagens,,CX,1,Ativo
15/06/2025 16:06:54,114,Embalagem GO - 910,C,Embalagens,,CX,1,Ativo
15/06/2025 16:06:54,115,Embalagem Para Temaki,A,Sushi,,,1,Ativo
15/06/2025 16:06:54,116,Emulsificante *Biscocren/Anopan/Zarpan*,B,Panificação,5 LITROS,Balde,3,Ativo
15/06/2025 16:06:54,117,Erva Doce,C,Panificação,500gr,UN,1,Ativo
15/06/2025 16:06:54,118,Esponja de Limpeza Amarela,A,Limpeza,UND,UN,20,Ativo
15/06/2025 16:06:54,119,Esponja de Limpeza Metalica *Limpanol*,B,Limpeza,UND,CX,10,Ativo
15/06/2025 16:06:54,120,Essência De Baunilha *Broemme*,C,Panificação,1L,UN,2,Ativo
15/06/2025 16:06:54,121,Essência de Baunilha Branca,A,Confeitaria,1KG,Pacote,2,Ativo
15/06/2025 16:06:54,122,Essência De Coco *Broemme*,B,Panificação,1L,UN,2,Ativo
15/06/2025 16:06:54,123,Essência De Laranja *Broemme* 1L,C,Panificação,1L,UN,2,Ativo
15/06/2025 16:06:54,124,Estabilizante *Glintex*,A,Panificação,5KG,Galão,1,Ativo
15/06/2025 16:06:54,125,Extrato de Tomate *Elefante*,B,Cozinha,1KG,Pacote,10,Ativo
15/06/2025 16:06:54,126,Farinha de Trigo *0000*,C,Panificação,25KG,,10,Ativo
15/06/2025 16:06:54,127,Farinha de Trigo *Alvear*,A,Panificação,#N/D,Pote,50,Ativo
15/06/2025 16:06:54,128,Farinha Panko Crocante,B,Sushi,,PACOTES,3,Ativo
15/06/2025 16:06:54,129,Fécula de Mandioca Amafil Tipo 1,C,Panificação,25Kg,UN,1,Ativo
15/06/2025 16:06:54,130,Fermento Quimico Em Po Fleishmann,A,Panificação,2KG,UN,10,Ativo
15/06/2025 16:06:54,131,Fermento Seco Biologico Massa Doce *Best Baker*,B,Panificação,20 X 500G,UN,20,Ativo
15/06/2025 16:06:54,132,Fibra Branca (Esponja),C,Limpeza,UND,PCT,10,Ativo
15/06/2025 16:06:54,133,Fibra Verde (Esponja),A,Limpeza,UND,PCT,1,Ativo
15/06/2025 16:06:54,134,Filé de Frango,B,Frios,,,140,Ativo
15/06/2025 16:06:54,135,Flotador,C,Limpeza,5L,UN,20,Ativo
15/06/2025 16:06:54,136,Fondant,A,Panificação,,UN,2,Ativo
15/06/2025 16:06:54,137,Forma de Mini Pudim 120ML *Prafesta Forneavel*,B,Embalagens,,CX,15,Ativo
15/06/2025 16:06:54,138,Forma de Papel Branca Nº0,C,Confeitaria,,,5,Ativo
15/06/2025 16:06:54,139,Frutas Cristalizadas *1Kg*,A,Panificação,1KG,Pacote,1,Ativo
15/06/2025 16:06:54,140,Fuba Canjica *Rocinha*,B,Panificação,10 X 1KG,FD,1,Ativo
15/06/2025 16:06:54,141,Fuba Mimoso *Sinha*,C,Panificação,10 X 1KG,Fardo,1,Ativo
15/06/2025 16:06:54,142,Furikake Azul,A,Sushi,,cx,6,Ativo
15/06/2025 16:06:54,143,Furikake Rosa,B,Sushi,,,1,Ativo
15/06/2025 16:06:54,144,Ganache Ao Leite *Harald*,C,Confeitaria,4Kg,Balde,8,Ativo
15/06/2025 16:06:54,145,Ganache Branco *Harald*,A,Confeitaria,4Kg,Balde,3,Ativo
15/06/2025 16:06:54,146,Ganache de Pistache  Foodbase,B,Confeitaria,4Kg,Balde,1,Ativo
15/06/2025 16:06:54,147,Ganache Meio Amargo *Harald*,C,Confeitaria,4Kg,Balde,3,Ativo
15/06/2025 16:06:54,148,Garrafa 300 Ml Com Tampa,A,Embalagens,,FD,3,Ativo
15/06/2025 16:06:54,149,Garrafa 500 Ml Com Tampa,B,Embalagens,,FD,3,Ativo
15/06/2025 16:06:54,150,Gás de Maçarico,C,Sushi,,,2,Ativo
15/06/2025 16:06:54,151,Gelatina Limao,A,Confeitaria,1 Kg,Pacote,2,Ativo
15/06/2025 16:06:54,152,Gelatina Po Incolor Sem Sabor,B,Confeitaria,1Kg,Pacote,2,Ativo
15/06/2025 16:06:54,153,Geleia Brilho de Chocolate,C,Confeitaria,4Kg,Balde,1,Ativo
15/06/2025 16:06:54,154,Geleia de Brilho de Maracuja,A,Confeitaria,4Kg,Balde,1,Ativo
15/06/2025 16:06:54,155,Geleia de Brilho de Morango,B,Confeitaria,4 Kg,Balde,1,Ativo
15/06/2025 16:06:54,156,Geleia de Brilho Neutro,C,Confeitaria,4 Kg,Balde,1,Ativo
15/06/2025 16:06:54,157,Gema De Ovos Pasteurizada *Netto*,A,Panificação,12X1L,Caixa,24,Ativo
15/06/2025 16:06:54,158,Gengibre Tradicional Fatiado Em Conserva,B,Sushi,,,1,Ativo
15/06/2025 16:06:54,159,Gergelim Sem Casca Branco,C,Panificação,1KG,UN,3,Ativo
15/06/2025 16:06:54,160,Goiabada Em Barra,A,Confeitaria,24X500G,Caixa,2,Ativo
15/06/2025 16:06:54,161,"Guardanapo Envelope 22,5 X 19,5",B,Atendimento,,CX,5,Ativo
15/06/2025 16:06:54,162,Hamburgueira Isopor *TH-101 - Pizzaria,C,Embalagens,,FD,25,Ativo
15/06/2025 16:06:54,163,Hamburgueira Isopor Mini *TH-003*,A,Embalagens,,FD,2,Ativo
15/06/2025 16:06:54,164,Hamburguer,B,Frios,,,6,Ativo
15/06/2025 16:06:54,165,Hashi de Bambu para Sushi,C,Atendimento,,Pacote,5,Ativo
15/06/2025 16:06:54,166,Hondashi,A,Sushi,,,1,Ativo
15/06/2025 16:06:54,167,Krispy Cebola,B,Sushi,,,1,Ativo
15/06/2025 16:06:54,168,Leite Cemil Integral 1L,C,Atendimento,,CX,6,Ativo
15/06/2025 16:06:54,169,Leite Condensado Integral *Piracanjuba*,A,Confeitaria,2X5Kg,Caixa,32,Ativo
15/06/2025 16:06:54,170,Leite Condensado Mistura Lactea,B,Confeitaria,500Ml,Vidro,5,Ativo
15/06/2025 16:06:54,171,Leite de Coco,C,Panificação,,Fardo,2,Ativo
15/06/2025 16:06:54,172,Leite em pó Composto Lácteo *Itambé*,A,Confeitaria,25Kg,Pacote,1,Ativo
15/06/2025 16:06:54,173,Leite em pó Integral *Ninho*,B,Confeitaria,500g,Lata,5,Ativo
15/06/2025 16:06:54,174,Leite Integral 1L *(Melhor preço)*,C,Atendimento,,CX,8,Ativo
15/06/2025 16:06:54,175,Limpa Vidro,A,Limpeza,5L,UN,0,Ativo
15/06/2025 16:06:54,176,Limpador Multiuso Azulim,B,Limpeza,,,1,Ativo
15/06/2025 16:06:54,177,Luva de Borracha (P/M/G) - Limpeza,C,Limpeza,PCT,PCT,1,Ativo
15/06/2025 16:06:54,178,Luva de Plastico Descartável M,A,Atendimento,,CX,2,Ativo
15/06/2025 16:06:54,179,Luva Nitrilica G - Preto,B,Atendimento,,CX,14,Ativo
15/06/2025 16:06:54,180,Luva Nitrilica M - Preto,C,Atendimento,,CX,14,Ativo
15/06/2025 16:06:54,181,Luva Nitrilica P - Preto,A,Atendimento,,CX,0,Ativo
15/06/2025 16:06:54,182,Maçarico - sem o gás,B,Sushi,,,1,Ativo
15/06/2025 16:06:54,183,Macarrão Espaguetti *Galo*,C,Cozinha,,Pacote,3,Ativo
15/06/2025 16:06:54,184,Macarrão Ninho *Galo*,A,Cozinha,,Pacote,8,Ativo
15/06/2025 16:06:54,185,Macarrão Parafuro *Galo*,B,Cozinha,,Pacote,8,Ativo
15/06/2025 16:06:54,186,Macarrão Penne *Galo*,C,Cozinha,,Pacote,8,Ativo
15/06/2025 16:06:54,187,Maionese *Hellmans*,A,Panificação,"2,8KG",Pacote,9,Ativo
15/06/2025 16:06:54,188,Maionese Kewpie,B,Sushi,,,1,Ativo
15/06/2025 16:06:54,189,Manga De Confeitar Descartavel G,C,Confeitaria,50Und,Pacote,3,Ativo
15/06/2025 16:06:54,190,Margarina Folhada 80% *Gradina*,A,Panificação,2KG,Barra,2,Ativo
15/06/2025 16:06:54,191,Margarina Qualy 250gr,B,Frios,,,12,Ativo
15/06/2025 16:06:54,192,Margarina Qualy 500g,C,Frios,,,24,Ativo
15/06/2025 16:06:54,193,Margarina Veg 80% ou 75% Lipidio,A,Panificação,15KG,Balde,4,Ativo
15/06/2025 16:06:54,194,Marmita Isopor 500ml *Com tampa*,B,Embalagens,,PCT,2,Ativo
15/06/2025 16:06:54,195,Marmita Isopor 750ml *Com tampa*,C,Embalagens,,FD,2,Ativo
15/06/2025 16:06:54,196,Massa de Pastel M,A,Confeitaria,3KG,Pacote,2,Ativo
15/06/2025 16:06:54,197,Massa Harumaki,B,Sushi,,,1,Ativo
15/06/2025 16:06:54,198,Massa pronta para Tapioca,C,Atendimento,,Pacote,10,Ativo
15/06/2025 16:06:54,199,Mel *500ml*,A,Panificação,-,Pacote,1,Ativo
15/06/2025 16:06:54,200,Melhorador P Panific Sorpan,B,Panificação,-,Pacote,20,Ativo
15/06/2025 16:06:54,201,Mexedor Para Café Descartável,C,Atendimento,,CX,2,Ativo
15/06/2025 16:06:54,202,Milharina *Quaker*,A,Panificação,500G,Pacote,5,Ativo
15/06/2025 16:06:54,203,Milho Verde em Conserva,B,Pizzaria,"3,1 KG",UN,20,Ativo
15/06/2025 16:06:54,204,Mistura Bolo Cremoso Aipim *3F*,C,Panificação,5KG,Pacote,1,Ativo
15/06/2025 16:06:54,205,Mistura Bolo Cremoso Chocolate Suave *3F*,A,Panificação,5KG,Pacote,3,Ativo
15/06/2025 16:06:54,206,Mistura Bolo Cremoso Coco *3F*,B,Panificação,5KG,Pacote,1,Ativo
15/06/2025 16:06:54,207,Mistura Bolo Cremoso Fuba *3F*,C,Panificação,5KG,Pacote,1,Ativo
15/06/2025 16:06:54,208,Mistura Bolo Cremoso Limão,A,Panificação,5KG,Pacote,1,Ativo
15/06/2025 16:06:54,209,Mistura Bolo Cremoso Maracujá *3F*,B,Panificação,5KG,Pacote,1,Ativo
15/06/2025 16:06:54,210,Mistura Bolo Cremoso Milho *3F*,C,Panificação,5KG,Pacote,1,Ativo
15/06/2025 16:06:54,211,Mistura Bolo Tradicional Abacaxi *3F*,A,Panificação,5KG,Pacote,1,Ativo
15/06/2025 16:06:54,212,Mistura Bolo Tradicional Banoffe *3F*,B,Panificação,5KG,Pacote,1,Ativo
15/06/2025 16:06:54,213,Mistura Bolo Tradicional Côco *3F*,C,Panificação,5KG,Pacote,1,Ativo
15/06/2025 16:06:54,214,Mistura Bolo Tradicional Fubá *3F*,A,Panificação,5KG,Pacote,1,Ativo
15/06/2025 16:06:54,215,Mistura Creme de Confeiteiro *Itaiquara*,B,Panificação,10X1KG,FD,20,Ativo
15/06/2025 16:06:54,216,Mistura Mousse Chocolate Branco *Nestlé*,C,Confeitaria,500g,Pacote,4,Ativo
15/06/2025 16:06:54,217,Mistura Mousse de Chocolate *Nestlé*,A,Confeitaria,500g,Pacote,16,Ativo
15/06/2025 16:06:54,218,Mistura Para Brownie E Petit Gateau,B,Confeitaria,500g,PACOTE,3,Ativo
15/06/2025 16:06:54,219,Mistura Para Cake Chocolate Intenso *3F*,C,Confeitaria,3KG,Pacote,5,Ativo
15/06/2025 16:06:54,220,Mistura Para Cake Neutro *3F*,A,Confeitaria,5KG,Caixa,2,Ativo
15/06/2025 16:06:54,221,Mistura Para Cake Red Velvet *3F*,B,Confeitaria,5KG,Pacote,1,Ativo
15/06/2025 16:06:54,222,Mistura para Torta Holandesa *Nestlé*,C,Confeitaria,500g,Pacote,6,Ativo
15/06/2025 16:06:54,223,"Molho Barbecue Galão 3,5kg",A,Pizzaria,"3,5KG",GALÃO,2,Ativo
15/06/2025 16:06:54,224,Molho Para Pizza (BAG),B,Pizzaria,6X2KG,Pacote,40,Ativo
15/06/2025 16:06:54,225,Molho Shoyu *Sakura* 5L,C,Sushi,,,1,Ativo
15/06/2025 16:06:54,226,Molho Shoyu *Sakura* Sache,A,Sushi,,CX,1,Ativo
15/06/2025 16:06:54,227,Molho Sweet Chilli 5L,B,Sushi,,,1,Ativo
15/06/2025 16:06:54,228,Molho Tare *Sakura* 5L,C,Sushi,,,1,Ativo
15/06/2025 16:06:54,229,Molho Tare *Sakura* Sache,A,Sushi,,CX,8,Ativo
15/06/2025 16:06:54,230,Mortadela Comum Fatiada,B,Frios,,CX,20,Ativo
15/06/2025 16:06:54,231,Mortadela Defumada OURO,C,Frios,,CX,16,Ativo
15/06/2025 16:06:54,232,Mortadela Defumada Ouro Fatiada,A,Frios,,CX,10,Ativo
15/06/2025 16:06:54,233,Nata,B,Panificação,,UN,2,Ativo
15/06/2025 16:06:54,234,Nesquik - Morango,C,Confeitaria,500GR,Lata,4,Ativo
15/06/2025 16:06:54,235,Nograx (Desengordurante),A,Limpeza,5L,UN,5,Ativo
15/06/2025 16:06:54,236,Nozes Moida,B,Confeitaria,1Kg,Pacote,4,Ativo
15/06/2025 16:06:54,237,Oleo De Algodao,C,Panificação,"14,5KG",Balde,2,Ativo
15/06/2025 16:06:54,238,Oleo De Soja,A,Panificação,20 X 900g,Caixa,120,Ativo
15/06/2025 16:06:54,239,Orégano,B,Pizzaria,1 KG,UN,4,Ativo
15/06/2025 16:06:54,240,Palito De Hamburguer,C,Embalagens,,CX,1,Ativo
15/06/2025 16:06:54,241,Palmito Picado Pupunha,A,Pizzaria,"1,8KG",UN,12,Ativo
15/06/2025 16:06:54,242,Pano de Chão,B,Limpeza,UND,UN,20,Ativo
15/06/2025 16:06:54,243,Pano para Limpeza *Perfex*,C,Limpeza,ROLO,UN,3,Ativo
15/06/2025 16:06:54,244,Pano Prato,A,Limpeza,UND,UN,10,Ativo
15/06/2025 16:06:54,245,Papel Alumínio 45 X 65,B,Embalagens,,CX,1,Ativo
15/06/2025 16:06:54,246,Papel Higiênico - Rolão,C,Limpeza,UND,FD,3,Ativo
15/06/2025 16:06:54,247,Papel Manteiga 50X70,A,Confeitaria,400Und,Pacote,2,Ativo
15/06/2025 16:06:54,248,Papel Toalha Não Reciclado Branco *ROLO MAIOR*,B,Limpeza,,FD,1,Ativo
15/06/2025 16:06:54,249,Papel Toalha Super Luxo Branco Max Clean,C,Limpeza,,PCT,85,Ativo
15/06/2025 16:06:54,250,Peito de Peru,A,Frios,,,10,Ativo
15/06/2025 16:06:54,251,Peito de Peru Fatiado,B,Frios,,,4,Ativo
15/06/2025 16:06:54,252,Pimenta Biquinho,C,Panificação,1KG,UN,1,Ativo
15/06/2025 16:06:54,253,Pimenta Calabresa Triturada Seca,A,Panificação,1KG,Pacote,1,Ativo
15/06/2025 16:06:54,254,Pimenta do reino moída,B,Panificação,1KG,Pacote,2,Ativo
15/06/2025 16:06:54,255,Polvilho Azedo *Amafil*,C,Panificação,25KG,Pacote,2,Ativo
15/06/2025 16:06:54,256,Polvilho de Mandioca AmidMais 50%,A,Panificação,25Kg,UN,1,Ativo
15/06/2025 16:06:54,257,Polvilho Doce *Amafil*,B,Panificação,25KG,Pacote,1,Ativo
15/06/2025 16:06:54,258,Pote de Plastico 250ml *Redondo*,C,Embalagens,,PCT,6,Ativo
15/06/2025 16:06:54,259,Pote de Plastico 500ml *Redondo*,A,Embalagens,,PCT,0,Ativo
15/06/2025 16:06:54,260,Pote Quadrado 250ml *PraFesta*,B,Embalagens,,PCT,6,Ativo
15/06/2025 16:06:54,261,"Preparo de Frutas Vermelhas JEB 4,1kg",C,Confeitaria,"4,1kg",Pacote,1,Ativo
15/06/2025 16:06:54,262,Presunto Sadia,A,Frios,,,35,Ativo
15/06/2025 16:06:54,263,Presunto Sadia Fatiado,B,Frios,,CX,8,Ativo
15/06/2025 16:06:54,264,Queijo Cheddar Cremoso Top Milk,C,Pizzaria,"1,2KG",Bag,28,Ativo
15/06/2025 16:06:54,265,Queijo Parmesao Ralado Fino,A,Panificação,2 KG,Pacote,4,Ativo
15/06/2025 16:06:54,266,Refil Para Bolo 650 Grs - Forma Broa Italiana,B,Embalagens,,CX,5,Ativo
15/06/2025 16:06:54,267,Requeijão Cremoso Com Amido Top Milk,C,Pizzaria,"1,8KG",Bag,80,Ativo
15/06/2025 16:06:54,268,Sabonete líquido,A,Limpeza,UND,UN,4,Ativo
15/06/2025 16:06:54,269,Sache Barbecue Dajuda,B,Atendimento,,CX,8,Ativo
15/06/2025 16:06:54,270,Sache Catchup *Dajuda*,C,Atendimento,,CX,32,Ativo
15/06/2025 16:06:54,271,Sache Maionese Dajuda,A,Atendimento,,CX,18,Ativo
15/06/2025 16:06:54,272,Saco de lixo 100L,B,Limpeza,FARDO,PCT,2,Ativo
15/06/2025 16:06:54,273,Saco de Lixo 200L,C,Limpeza,FARDO,PCT,3,Ativo
15/06/2025 16:06:54,274,Saco de lixo 300L,A,Limpeza,FARDO,PCT,4,Ativo
15/06/2025 16:06:54,275,Saco de lixo 60L,B,Limpeza,FARDO,PCT,2,Ativo
15/06/2025 16:06:54,276,Saco de Mini Cachorro Quente,C,Embalagens,,PCT,2,Ativo
15/06/2025 16:06:54,277,Saco De Pipoca N 5 Branco,A,Embalagens,,PCT,1,Ativo
15/06/2025 16:06:54,278,Saco Papel Fundo Quadrado 75 X 44,B,Embalagens,,PCT,1,Ativo
15/06/2025 16:06:54,279,Saco Plástico Leitoso 21x17,C,Embalagens,,PCT,2,Ativo
15/06/2025 16:06:54,280,Saco Plástico Transparente 10x20,A,Embalagens,,PCT,0,Ativo
15/06/2025 16:06:54,281,Saco Plástico Transparente 15X35,B,Embalagens,100un,UN,5,Ativo
15/06/2025 16:06:54,282,Saco Plástico Transparente 20X40,C,Embalagens,100un,UN,5,Ativo
15/06/2025 16:06:54,283,Saco Plástico Transparente 25 X 35,A,Embalagens,,,0,Ativo
15/06/2025 16:06:54,284,Saco Plástico Transparente 30X40,B,Embalagens,100un,UN,5,Ativo
15/06/2025 16:06:54,285,Saco Plástico Transparente 50 X 80,C,Embalagens,,,0,Ativo
15/06/2025 16:06:54,286,Sacola 50X60,A,Embalagens,,CX,2,Ativo
15/06/2025 16:06:54,287,Sacola Personalizada Araujo 38X48,B,Embalagens,1000,FD,20,Ativo
15/06/2025 16:06:54,288,Sal Amoniaco,C,Panificação,1KG,Pacote,1,Ativo
15/06/2025 16:06:54,289,Sal Grosso,A,Panificação,1KG,Pacote,5,Ativo
15/06/2025 16:06:54,290,Sal Refinado,B,Panificação,10 X 1KG,Fardo,20,Ativo
15/06/2025 16:06:54,291,Sal Sache,C,Atendimento,,CX,2,Ativo
15/06/2025 16:06:54,292,Salmao Eviscerado Fresco Premium 14/16,A,Sushi,,,1,Ativo
15/06/2025 16:06:54,293,Salsicha,B,Frios,,,20,Ativo
15/06/2025 16:06:54,294,Salsicha a vacuo (revenda),C,Frios,,,12,Ativo
15/06/2025 16:06:54,295,Saque Mirim - *Thikara Sake*,A,Sushi,,,1,Ativo
15/06/2025 16:06:54,296,Shimeji Fresco Bandeja,B,Sushi,,,1,Ativo
15/06/2025 16:06:54,297,Shitake Seco e Desidratado,C,Sushi,,,1,Ativo
15/06/2025 16:06:54,298,Suco Limão em pó *Tang*,A,Confeitaria,10G,Unidade,4,Ativo
15/06/2025 16:06:54,299,Suco Maracujá em pó *Tang*,B,Confeitaria,10G,Unidade,4,Ativo
15/06/2025 16:06:54,300,Suco Morango em pó *Tang*,C,Confeitaria,10G,Unidade,4,Ativo
15/06/2025 16:06:54,301,Talher Colher Reforçada Descartavel (CAIXA),A,Atendimento,,CX,3,Ativo
15/06/2025 16:06:54,302,Talher Faca Reforcada Descartavel (CAIXA),B,Atendimento,,CX,3,Ativo
15/06/2025 16:06:54,303,Talher Garfo Reforcado Descartavel (CAIXA),C,Atendimento,,CX,3,Ativo
15/06/2025 16:06:54,304,Tempero de alho e sal *Arisco*,A,Pizzaria,1KG,Bag,3,Ativo
15/06/2025 16:06:54,305,Tempero Kinchi Kinuchi,B,Sushi,,,2,Ativo
15/06/2025 16:06:54,306,Tempero para Sushi 5L,C,Sushi,,,1,Ativo
15/06/2025 16:06:54,307,Tomate Seco Em Conserva,A,Panificação,1KG,Balde,1,Ativo
15/06/2025 16:06:54,308,Touca Descartável,B,Atendimento,,Pacote,10,Ativo
15/06/2025 16:06:54,309,Unta Forma Cera De Abelha,C,Panificação,5KG,Galão,3,Ativo
15/06/2025 16:06:54,310,Utensilhos Copo Nadir 310ml,A,Atendimento,1X12,CX,2,Ativo
15/06/2025 16:06:54,311,Utensilhos Faca Simonaggi Belize Vermelho,B,Atendimento,1X6,CX,5,Ativo
15/06/2025 16:06:54,312,Utensilhos Garfo Simonaggi Belize Vermelho,C,Atendimento,1X6,CX,5,Ativo
15/06/2025 16:06:54,313,Uva Passas,A,Panificação,10KG,Caixa,2,Ativo
15/06/2025 16:06:54,314,Vinagre De Arroz 5L,B,Sushi,,,1,Ativo
15/06/2025 16:06:54,315,Wasabi Pasta,C,Sushi,,,3,Ativo
15/06/2025 16:06:54,316,Agua Antartica Tonica,A,Bebidas,12,Fardo,1,Ativo
15/06/2025 16:06:54,317,Cerveja Antarctica 473ml,B,Bebidas,12,Fardo,4,Ativo
15/06/2025 16:06:54,318,Cerveja Antarctica Sub Zero 473ml,C,Bebidas,12,Fardo,3,Ativo
15/06/2025 16:06:54,319,Cerveja Bohemia 473ml,A,Bebidas,12,Fardo,-,Ativo
15/06/2025 16:06:54,320,Cerveja Bohemia Long Neck,B,Bebidas,24,Fardo,-,Ativo
15/06/2025 16:06:54,321,Cerveja Brahma Chopp 473ml,C,Bebidas,12,Fardo,4,Ativo
15/06/2025 16:06:54,322,Cerveja Brahma Chopp Long Neck 355ml,A,Bebidas,24,Fardo,1,Ativo
15/06/2025 16:06:54,323,Cerveja Brahma Duplo Malte 473Ml,B,Bebidas,12,Fardo,2,Ativo
15/06/2025 16:06:54,324,Cerveja Budweiser 473Ml,C,Bebidas,6,Fardo,2,Ativo
15/06/2025 16:06:54,325,Cerveja Budweiser Long Neck 330ml,A,Bebidas,24,Fardo,1,Ativo
15/06/2025 16:06:54,326,Cerveja Corona Extra Long Neck 330ml,B,Bebidas,24,Fardo,1,Ativo
15/06/2025 16:06:54,327,Cerveja Serrana 473Ml,C,Bebidas,12,Fardo,-,Ativo
15/06/2025 16:06:54,328,Cerveja Skol 473ml,A,Bebidas,12,Fardo,2,Ativo
15/06/2025 16:06:54,329,Cerveja Skol Beats Gt lata,B,Bebidas,8,Fardo,-,Ativo
15/06/2025 16:06:54,330,Cerveja Skol Beats Gt Long Neck,C,Bebidas,24,Fardo,-,Ativo
15/06/2025 16:06:54,331,Cerveja Skol Beats Lata Azul 269ml,A,Bebidas,15,Fardo,-,Ativo
15/06/2025 16:06:54,332,Cerveja Skol Beats Long Neck,B,Bebidas,24,Fardo,-,Ativo
15/06/2025 16:06:54,333,Cerveja Skol Puro Malte 473ml,C,Bebidas,12,Fardo,2,Ativo
15/06/2025 16:06:54,334,Cerveja Stella Artois Long Neck 330ml,A,Bebidas,24,Fardo,1,Ativo
15/06/2025 16:06:54,335,Energetico Fusion 1L,B,Bebidas,6,Fardo,-,Ativo
15/06/2025 16:06:54,336,Energetico Fusion 2L,C,Bebidas,6,Fardo,-,Ativo
15/06/2025 16:06:54,337,Energetico RedBull Melancia,A,Bebidas,4,Fardo,3,Ativo
15/06/2025 16:06:54,338,Energetico RedBull s/ acucar,B,Bebidas,4,Fardo,2,Ativo
15/06/2025 16:06:54,339,Energetico RedBull Tradicional 250ml,C,Bebidas,4,Fardo,4,Ativo
15/06/2025 16:06:54,340,Energetico RedBull Tropical,A,Bebidas,4,Fardo,4,Ativo
15/06/2025 16:06:54,341,Gatorade Frutas Citricas,B,Bebidas,6,Fardo,3,Ativo
15/06/2025 16:06:54,342,Gatorade Isotonico Laranja,C,Bebidas,6,Fardo,3,Ativo
15/06/2025 16:06:54,343,Gatorade Isotonico Limao,A,Bebidas,6,Fardo,3,Ativo
15/06/2025 16:06:54,344,Gatorade Isotonico Maracuja,B,Bebidas,6,Fardo,3,Ativo
15/06/2025 16:06:54,345,Gatorade Isotonico Morango e Maracuja,C,Bebidas,6,Fardo,3,Ativo
15/06/2025 16:06:54,346,Gatorade Isotonico Tangerina,A,Bebidas,6,Fardo,3,Ativo
15/06/2025 16:06:54,347,Gatorade Isotonico Uva,B,Bebidas,6,Fardo,4,Ativo
15/06/2025 16:06:54,348,Guarana Antartica 1L,C,Bebidas,6,Fardo,2,Ativo
15/06/2025 16:06:54,349,Guarana Antartica 200ml,A,Bebidas,12,Fardo,-,Ativo
15/06/2025 16:06:54,350,Guarana Antartica 2L,B,Bebidas,6,Fardo,2,Ativo
15/06/2025 16:06:54,351,Guarana Antartica 350ml,C,Bebidas,12,Fardo,2,Ativo
15/06/2025 16:06:54,352,Guarana Antartica 600ml,A,Bebidas,12,Fardo,2,Ativo
15/06/2025 16:06:54,353,Guarana Antartica Diet 2L,B,Bebidas,6,Fardo,2,Ativo
15/06/2025 16:06:54,354,Guarana Antartica Diet 350ml,C,Bebidas,12,Fardo,2,Ativo
15/06/2025 16:06:54,355,H2O Limão,A,Bebidas,12,Fardo,2,Ativo
15/06/2025 16:06:54,356,H2O Limoneto,B,Bebidas,12,Fardo,3,Ativo
15/06/2025 16:06:54,357,Pepsi 1L,C,Bebidas,6,Fardo,1,Ativo
15/06/2025 16:06:54,358,Pepsi 200ml,A,Bebidas,12,Fardo,-,Ativo
15/06/2025 16:06:54,359,Pepsi 2L,B,Bebidas,6,Fardo,2,Ativo
15/06/2025 16:06:54,360,Pepsi black 350ml,C,Bebidas,12,Fardo,1,Ativo
15/06/2025 16:06:54,361,Pepsi 350ml,A,Bebidas,12,Fardo,1,Ativo
15/06/2025 16:06:54,362,Pepsi Twist 2L,B,Bebidas,6,Fardo,2,Ativo
15/06/2025 16:06:54,363,Pepsi Twist 350ml,C,Bebidas,12,Fardo,-,Ativo
15/06/2025 16:06:54,364,Sukita 2 L Uva,A,Bebidas,6,Fardo,,Ativo
15/06/2025 16:06:54,365,Sukita 2 L Tubaína,B,Bebidas,6,Fardo,,Ativo
15/06/2025 16:06:54,366,Sukita 2 L Limão,C,Bebidas,6,Fardo,1,Ativo
15/06/2025 16:06:54,367,Sukita 2L Laranja,A,Bebidas,6,Fardo,1,Ativo
15/06/2025 16:06:54,368,Sukita 1L,B,Bebidas,6,Fardo,1,Ativo
15/06/2025 16:06:54,369,Amstel Vibes Limão  269ml,C,Bebidas,12,Fardo,1,Ativo
15/06/2025 16:06:54,370,Amstel Vibes Morango  269ml,A,Bebidas,12,Fardo,1,Ativo
15/06/2025 16:06:54,371,Cerveja Amstel 473ml,B,Bebidas,12,Fardo,5,Ativo
15/06/2025 16:06:54,372,Cerveja Amstel Long Neck 355ml,C,Bebidas,12,Fardo,2,Ativo
15/06/2025 16:06:54,373,Cerveja Amstel Ultra Long Neck 275ml,A,Bebidas,12,Fardo,2,Ativo
15/06/2025 16:06:54,374,Cerveja Baden Baden Ipa Bier 350ml,B,Bebidas,12,Fardo,,Ativo
15/06/2025 16:06:54,375,Cerveja Baden Baden Wit Bier 350ml,C,Bebidas,12,Fardo,,Ativo
15/06/2025 16:06:54,376,Cerveja Devassa Lager 473ml,A,Bebidas,12,Fardo,-,Ativo
15/06/2025 16:06:54,377,Cerveja Heineken 473ml,B,Bebidas,12,Fardo,3,Ativo
15/06/2025 16:06:54,378,Cerveja Heineken Long Neck 330ml,C,Bebidas,24,Fardo,3,Ativo
15/06/2025 16:06:54,379,Cerveja Heineken Shot 250ml,A,Bebidas,24,Fardo,3,Ativo
15/06/2025 16:06:54,380,Cerveja Heineken Zero Long Neck 330ml,B,Bebidas,24,Fardo,2,Ativo
15/06/2025 16:06:54,381,Refri Fys 350ml Limão Siciliano,C,Bebidas,12,Fardo,1,Ativo
15/06/2025 16:06:54,382,Refri Fys 350ml Guaraná da Amazônia,A,Bebidas,12,Fardo,1,Ativo
15/06/2025 16:06:54,383,Refri Fys 350ml Laranja Pêra,B,Bebidas,12,Fardo,1,Ativo
15/06/2025 16:06:54,384,Refri Fys 350ml Guaraná Zero,C,Bebidas,12,Fardo,1,Ativo
15/06/2025 16:06:54,385,Refri Clashd  269ml Limão siciliano,A,Bebidas,12,Fardo,1,Ativo
15/06/2025 16:06:54,386,Refri Clashd  269ml Maçã Golden,B,Bebidas,12,Fardo,1,Ativo
15/06/2025 16:06:54,387,Refri Clashd  269ml Frutas Vermelhas,C,Bebidas,12,Fardo,1,Ativo
15/06/2025 16:06:54,388,Suco Skinka Frutas Cítricas,A,Bebidas,12,Fardo,-,Ativo
15/06/2025 16:06:54,389,Suco Skinka Frutas Vermelhas,B,Bebidas,12,Fardo,-,Ativo
15/06/2025 16:06:54,390,Suco Skinka Uva,C,Bebidas,12,Fardo,-,Ativo
15/06/2025 16:06:54,391,Agua De Coco Mineiro 1L,A,Bebidas,6,Fardo,-,Ativo
15/06/2025 16:06:54,392,Agua De Coco Mineiro 200ml,B,Bebidas,18,Fardo,-,Ativo
15/06/2025 16:06:54,393,Agua Mineiro c/ Gás 500ml,C,Bebidas,6,Fardo,-,Ativo
15/06/2025 16:06:54,394,"Agua Mineiro s/ Gás 1,5L",A,Bebidas,6,Fardo,-,Ativo
15/06/2025 16:06:54,395,Agua Mineiro s/ Gás 500ml,B,Bebidas,6,Fardo,1,Ativo
15/06/2025 16:06:54,396,Alcool Gel 70%,C,Limpeza,5L,UN,4,Ativo
15/06/2025 16:06:54,397,Energetico Vulcano 710Ml,A,Bebidas,6,Fardo,-,Ativo
15/06/2025 16:06:54,398,Alcool Liquido 70%,B,Limpeza,5L,U,10,Ativo
15/06/2025 16:06:54,399,Guarana Mineiro 250ml,C,Bebidas,6,Fardo,-,Ativo
15/06/2025 16:06:54,400,Alga Kombu Desidratada,A,Sushi,,,1,Ativo
15/06/2025 16:06:54,401,Guarana Mineiro 269ml,B,Bebidas,12,Fardo,-,Ativo
15/06/2025 16:06:54,402,Alga Marinha Nori Vermelho 50 Folhas,C,Sushi,,,4,Ativo
15/06/2025 16:06:54,403,Guarana Mineiro 2L,A,Bebidas,6,Fardo,6,Ativo
15/06/2025 16:06:54,404,Ameixa Seca,B,Confeitaria,"1,1Kg",Pacote,2,Ativo
15/06/2025 16:06:54,405,Guarana Mineiro Zero 350ML,C,Bebidas,12,Fardo,3,Ativo
15/06/2025 16:06:54,406,Guarana Mineiro 350ML,A,Bebidas,12,Fardo,6,Ativo
15/06/2025 16:06:54,407,Guarana Mineiro Zero 600ml,B,Bebidas,12,Fardo,3,Ativo
15/06/2025 16:06:54,408,Guarana Mineiro 600ml,C,Bebidas,12,Fardo,3,Ativo
15/06/2025 16:06:54,409,Guarana Mineiro Laranja 250Ml,A,Bebidas,12,Fardo,-,Ativo
15/06/2025 16:06:54,410,Guarana Mineiro Limão 250 ml,B,Bebidas,12,Fardo,-,Ativo
15/06/2025 16:06:54,411,Guarana Mineiro Zero 269ml,C,Bebidas,12,Fardo,,Ativo
15/06/2025 16:06:54,412,Guarana Mineiro Zero 2L,A,Bebidas,6,Fardo,3,Ativo
15/06/2025 16:06:54,413,Guarana Zap Cola 269ml,B,Bebidas,12,Fardo,-,Ativo
15/06/2025 16:06:54,414,Ice Smirnoff Long Neck,C,Bebidas,6,Fardo,2,Ativo
15/06/2025 16:06:54,415,Suco Alegria Laranja Preto 250ml,A,Bebidas,27,Fardo,,Ativo
15/06/2025 16:06:54,416,Suco Alegria Laranja Rosa 250ml,B,Bebidas,27,Fardo,,Ativo
15/06/2025 16:06:54,417,Suco Alegria Laranja Verde 250ml,C,Bebidas,27,Fardo,,Ativo
15/06/2025 16:06:54,418,Suco Alegria Laranja Vermelho 250ml,A,Bebidas,27,Fardo,,Ativo
15/06/2025 16:06:54,419,Suco De Laranja 100% Mineiro 1L,B,Bebidas,27,Fardo,,Ativo
15/06/2025 16:06:54,420,Suco De Laranja 100% Mineiro 200ml,C,Bebidas,27,Fardo,,Ativo
15/06/2025 16:06:54,421,Suco De Uva 100% Mineiro 1L,A,Bebidas,27,Fardo,,Ativo
15/06/2025 16:06:54,422,Suco De Uva 100% Mineiro 200ml,B,Bebidas,27,Fardo,,Ativo
15/06/2025 16:06:54,423,"Agua Cristal c/gás 1,5L",C,Bebidas,6,Fardo,3,Ativo
15/06/2025 16:06:54,424,Agua Cristal c/gás 500ml,A,Bebidas,12,Fardo,18,Ativo
15/06/2025 16:06:54,425,"Agua Cristal s/gás 1,5L",B,Bebidas,6,Fardo,12,Ativo
15/06/2025 16:06:54,426,Agua Cristal s/gás 500ml,C,Bebidas,12,Fardo,20,Ativo
15/06/2025 16:06:54,427,Cerveja Eisenbahn Ipa Long Neck,A,Bebidas,12,Fardo,1,Ativo
15/06/2025 16:06:54,428,Cerveja Eisenbahn Pilsen 473ml,B,Bebidas,12,Fardo,3,Ativo
15/06/2025 16:06:54,429,Cerveja Eisenbanh Pale Ale Long Neck,C,Bebidas,12,Fardo,1,Ativo
15/06/2025 16:06:54,430,Cerveja Eisenbanh Pilsen Long Neck,A,Bebidas,12,Fardo,2,Ativo
15/06/2025 16:06:54,431,Cerveja Eisenbanh Session Ipa Long Neck,B,Bebidas,,Fardo,1,Ativo
15/06/2025 16:06:54,432,Cerveja Eisenbanh Unfiltered Long Neck,C,Bebidas,,Fardo,1,Ativo
15/06/2025 16:06:54,433,Cerveja Eisenbanh Weizenbier Long Neck,A,Bebidas,,Fardo,1,Ativo
15/06/2025 16:06:54,434,Cerveja Estrela Galicia 355ml,B,Bebidas,,Fardo,,Ativo
15/06/2025 16:06:54,435,Cerveja Kaiser 473ml,C,Bebidas,,Fardo,3,Ativo
15/06/2025 16:06:54,436,Cerveja Sol Premiun Long Neck 330ml,A,Bebidas,,Fardo,2,Ativo
15/06/2025 16:06:54,437,Coca Cola 1L,B,Bebidas,,Fardo,10,Ativo
15/06/2025 16:06:54,438,Coca Cola 200ml,C,Bebidas,,Fardo,-,Ativo
15/06/2025 16:06:54,439,Coca Cola 220ml,A,Bebidas,,Fardo,30,Ativo
15/06/2025 16:06:54,440,Coca Cola 2L,B,Bebidas,,Fardo,12,Ativo
15/06/2025 16:06:54,441,Coca Cola 310ml,C,Bebidas,,Fardo,40,Ativo
15/06/2025 16:06:54,442,Coca Cola 600ml,A,Bebidas,,Fardo,10,Ativo
15/06/2025 16:06:54,443,Coca Cola Café Latinha,B,Bebidas,,Fardo,6,Ativo
15/06/2025 16:06:54,444,Coca Cola Zero 1L,C,Bebidas,,Fardo,10,Ativo
15/06/2025 16:06:54,445,Coca Cola Zero 200ml,A,Bebidas,,Fardo,-,Ativo
15/06/2025 16:06:54,446,Coca Cola Zero 2L,B,Bebidas,,Fardo,10,Ativo
15/06/2025 16:06:54,447,Coca Cola Zero 310ml,C,Bebidas,,Fardo,40,Ativo
15/06/2025 16:06:54,448,Coca Cola Zero 600ml,A,Bebidas,,Fardo,10,Ativo
15/06/2025 16:06:54,449,Enegetico Burn 1L,B,Bebidas,,Fardo,,Ativo
15/06/2025 16:06:54,450,Enegetico Burn 260ml,C,Bebidas,,Fardo,,Ativo
15/06/2025 16:06:54,451,Energetico Absolutely Zero (Preto com Prata) 473ml,A,Bebidas,,Fardo,4,Ativo
15/06/2025 16:06:54,452,Energetico Dragon Ice 473ml,B,Bebidas,,Fardo,1,Ativo
15/06/2025 16:06:54,453,Energetico Dragon Peach (Pessego),C,Bebidas,,Fardo,1,Ativo
15/06/2025 16:06:54,454,Energetico Green (Tradicional) 473ml,A,Bebidas,,Fardo,6,Ativo
15/06/2025 16:06:54,455,Energetico Green Zero Sugar trad. 473ml,B,Bebidas,,Fardo,4,Ativo
15/06/2025 16:06:54,456,Energetico Khaotic (Laranja) 473ml,C,Bebidas,,Fardo,1,Ativo
15/06/2025 16:06:54,457,Energetico Mango Loco (Manga) 473ml,A,Bebidas,,Fardo,2,Ativo
15/06/2025 16:06:54,458,Energetico Pacific Punch (Cereja),B,Bebidas,,Fardo,1,Ativo
15/06/2025 16:06:54,459,Energetico Paradise (Maça Verde) 473ml,C,Bebidas,,Fardo,1,Ativo
15/06/2025 16:06:54,460,Energetico Pipeline ( Goiaba ),A,Bebidas,,Fardo,1,Ativo
15/06/2025 16:06:54,461,Energetico Reign Lemon,B,Bebidas,,Fardo,1,Ativo
15/06/2025 16:06:54,462,Energetico Reign Mango Matic,C,Bebidas,,Fardo,1,Ativo
15/06/2025 16:06:54,463,Energetico Reign Melon,A,Bebidas,,Fardo,1,Ativo
15/06/2025 16:06:54,464,Energetico Reign Orang,B,Bebidas,,Fardo,1,Ativo
15/06/2025 16:06:54,465,Energetico Ultra (Branco) 473ml,C,Bebidas,,Fardo,3,Ativo
15/06/2025 16:06:54,466,Energetico Ultra Violet (Uva) 473ml,A,Bebidas,,Fardo,1,Ativo
15/06/2025 16:06:54,467,Energetico Wattermellow (Melancia) 473ml,B,Bebidas,,Fardo,1,Ativo
15/06/2025 16:06:54,468,Fanta Guarana 220ml,C,Bebidas,,Fardo,6,Ativo
15/06/2025 16:06:54,469,Fanta Guarana 310ml,A,Bebidas,,Fardo,6,Ativo
15/06/2025 16:06:54,470,Fanta Laranja 1L,B,Bebidas,,Fardo,2,Ativo
15/06/2025 16:06:54,471,Fanta Laranja 200ml,C,Bebidas,,Fardo,-,Ativo
15/06/2025 16:06:54,472,Fanta Laranja 220ml,A,Bebidas,,Fardo,12,Ativo
15/06/2025 16:06:54,473,Fanta Laranja 2L,B,Bebidas,,Fardo,3,Ativo
15/06/2025 16:06:54,474,Fanta Laranja 310ml,C,Bebidas,,Fardo,10,Ativo
15/06/2025 16:06:54,475,Fanta Laranja 600ml,A,Bebidas,,Fardo,2,Ativo
15/06/2025 16:06:54,476,Fanta Uva 220ml,B,Bebidas,,Fardo,8,Ativo
15/06/2025 16:06:54,477,Fanta Uva 2L,C,Bebidas,,Fardo,2,Ativo
15/06/2025 16:06:54,478,Fanta Uva 310ml,A,Bebidas,,Fardo,4,Ativo
15/06/2025 16:06:54,479,Guarana Jesus 1L,B,Bebidas,,Fardo,2,Ativo
15/06/2025 16:06:54,480,Guarana Jesus 310ml,C,Bebidas,,Fardo,3,Ativo
15/06/2025 16:06:54,481,Guarana Kuat 2L,A,Bebidas,,Fardo,-,Ativo
15/06/2025 16:06:54,482,Ice Tea Leão Limão 300ml,B,Bebidas,,Fardo,1,Ativo
15/06/2025 16:06:54,483,Ice Tea Leão Pêssego 300ml,C,Bebidas,,Fardo,1,Ativo
15/06/2025 16:06:54,484,Jack and Coke 350ml,A,Bebidas,,Fardo,1,Ativo
15/06/2025 16:06:54,485,Kuat 310ml,B,Bebidas,,Fardo,5,Ativo
15/06/2025 16:06:54,486,Powerade Frutas Tropicais (Vermelho),C,Bebidas,,Fardo,2,Ativo
15/06/2025 16:06:54,487,Powerade Laranja,A,Bebidas,,Fardo,2,Ativo
15/06/2025 16:06:54,488,Powerade Limão,B,Bebidas,,Fardo,2,Ativo
15/06/2025 16:06:54,489,Powerade Mountain Blast (Azul),C,Bebidas,,Fardo,2,Ativo
15/06/2025 16:06:54,490,Powerade Uva,A,Bebidas,,Fardo,2,Ativo
15/06/2025 16:06:54,491,Schweppes Citrus 310ml,B,Bebidas,,Fardo,8,Ativo
15/06/2025 16:06:54,492,Schweppes Tonica 310ml,C,Bebidas,,Fardo,2,Ativo
15/06/2025 16:06:54,493,Schweppes Vodka e Citrus 310ml,A,Bebidas,,Fardo,-,Ativo
15/06/2025 16:06:54,494,Sprite  2L,B,Bebidas,,Fardo,3,Ativo
15/06/2025 16:06:54,495,Sprite 1L,C,Bebidas,,Fardo,2,Ativo
15/06/2025 16:06:54,496,Sprite 200ml,A,Bebidas,,Fardo,-,Ativo
15/06/2025 16:06:54,497,Sprite 220ml,B,Bebidas,,Fardo,6,Ativo
15/06/2025 16:06:54,498,Sprite 310ml,C,Bebidas,,Fardo,6,Ativo
15/06/2025 16:06:54,499,Sprite 310ml Zero,A,Bebidas,,Fardo,8,Ativo
15/06/2025 16:06:54,500,Sprite Lemon Fresh 510ml,B,Bebidas,,Fardo,3,Ativo
15/06/2025 16:06:54,501,Suco Ades 1L Morango,C,Bebidas,,Fardo,1,Ativo
15/06/2025 16:06:54,502,Suco Ades Uva 1L,A,Bebidas,,Fardo,1,Ativo
15/06/2025 16:06:54,503,Suco Del Valle 1L Abacaxi,B,Bebidas,,Fardo,2,Ativo
15/06/2025 16:06:54,504,Suco Del Valle 1L Caju,C,Bebidas,,Fardo,1,Ativo
15/06/2025 16:06:54,505,Suco Del Valle 1L Goiaba,A,Bebidas,,Fardo,2,Ativo
15/06/2025 16:06:54,506,Suco Del Valle 1L Laranja,B,Bebidas,,Fardo,2,Ativo
15/06/2025 16:06:54,507,Suco Del Valle 1L Manga,C,Bebidas,,Fardo,2,Ativo
15/06/2025 16:06:54,508,Suco Del Valle 1L Maracuja,A,Bebidas,,Fardo,2,Ativo
15/06/2025 16:06:54,509,Suco Del Valle 1L Pessego,B,Bebidas,,Fardo,2,Ativo
15/06/2025 16:06:54,510,Suco Del Valle 1L Pessego s/ acucar,C,Bebidas,,Fardo,2,Ativo
15/06/2025 16:06:54,511,Suco Del Valle 1L Uva,A,Bebidas,,Fardo,2,Ativo
15/06/2025 16:06:54,512,Suco Del Valle 1L Uva s/ acucar,B,Bebidas,,Fardo,2,Ativo
15/06/2025 16:06:54,513,Suco Del Valle 290ml Goiaba,C,Bebidas,,Fardo,4,Ativo
15/06/2025 16:06:54,514,Suco Del Valle 290ml Manga,A,Bebidas,,Fardo,1,Ativo
15/06/2025 16:06:54,515,Suco Del Valle 290ml Maracuja,B,Bebidas,,Fardo,4,Ativo
15/06/2025 16:06:54,516,Suco Kapo Abacaxi 200ml,C,Bebidas,,Fardo,1,Ativo
15/06/2025 16:06:54,517,Suco Del Valle 290ml Pessego,A,Bebidas,,Fardo,4,Ativo
15/06/2025 16:06:54,518,Suco Del Valle 290ml Uva,B,Bebidas,,Fardo,4,Ativo
15/06/2025 16:06:54,519,Suco Del Valle Fruit 450ml Frutas Citricas,C,Bebidas,,Fardo,3,Ativo
15/06/2025 16:06:54,520,Suco Del Valle Fruit 450ml Laranja,A,Bebidas,,Fardo,3,Ativo
15/06/2025 16:06:54,521,Suco Del Valle Fruit 450ml Uva,B,Bebidas,,Fardo,3,Ativo
15/06/2025 16:06:54,522,Suco Kapo Caju 200ml,C,Bebidas,,Fardo,1,Ativo
15/06/2025 16:06:54,523,Suco Kapo Laranja 200ml,A,Bebidas,,Fardo,2,Ativo
15/06/2025 16:06:54,524,Suco Kapo Maçã 200ml,B,Bebidas,,Fardo,1,Ativo
15/06/2025 16:06:54,525,Suco Kapo Maracuja 200ml,C,Bebidas,,Fardo,1,Ativo
15/06/2025 16:06:54,526,Suco Kapo Morango 200ml,A,Bebidas,,Fardo,4,Ativo
15/06/2025 16:06:54,527,Suco Kapo Uva 200ml,B,Bebidas,,Fardo,4,Ativo
15/06/2025 16:06:54,528,Açafrão,C,Pizzaria,1KG,UN,1,Ativo
15/06/2025 16:06:54,529,Queijo Minas Artesanal,A,Panificação,"1x1,1kg",KG,40,Ativo
23/06/2025 12:21:21,530,Cerveja Antarctica Original 350ml,B,Bebidas,12,FD,2,Ativo
23/06/2025 16:20:22,531,Refrigerante Itubaína 355ml,B,Bebidas,12,FD,2,Ativo
22/07/2025 18:49:31,532,Sacaria para Pão 1KG (28X33),A,Embalagens,MIL,CX,6,Ativo
22/07/2025 18:50:26,533,Sacaria para Pão 2KG (34X40),A,Embalagens,MIL,CX,6,Ativo
22/07/2025 18:52:49,534,Sacaria para Pão 5KG (44X54),A,Embalagens,MIL,CX,6,Ativo
22/07/2025 18:54:02,535,Sacaria para Pão 7 1/2KG (50X60),A,Embalagens,MIL,CX,6,Ativo
22/07/2025 18:54:50,536,Sacaria para Pão 10KG (56X60),A,Embalagens,MIL,CX,6,Ativo
29/07/2025 18:54:50,537,Bala Goma Tubo Gurt Docile 30Gr,,Bomboniere,30X30GR,DP,3,Ativo
29/07/2025 18:54:50,538,Bala Arcor Butter Toffee Coco 500Gr,,Bomboniere,1X500GR,PC,1,Ativo
29/07/2025 18:54:50,539,Bala Arcor Butter Toffee Leite 500Gr,,Bomboniere,1X500GR,PC,2,Ativo
29/07/2025 18:54:50,540,Bala Arcor Butter Toffee Maracuja 500Gr,,Bomboniere,1X500GR,PC,1,Ativo
29/07/2025 18:54:50,541,Bala Chita Abacaxi 500Gr,,Bomboniere,1X500GR,PC,2,Ativo
29/07/2025 18:54:50,542,Bala Chita Cereja 500Gr,,Bomboniere,1X500GR,PC,1,Ativo
29/07/2025 18:54:50,543,Bala Chita Sortida 500Gr,,Bomboniere,1X500GR,PC,2,Ativo
29/07/2025 18:54:50,544,Bala Dadinho Amendoim 600Gr,,Bomboniere,1X600GR,PC,2,Ativo
29/07/2025 18:54:50,545,Bala Embare Caramelos De Leite 660Gr,,Bomboniere,1X660GR,PC,2,Ativo
29/07/2025 18:54:50,546,Bala Embare Caram Meio/Meio Choco 660Gr,,Bomboniere,1X660GR,PC,2,Ativo
29/07/2025 18:54:50,547,Bala Embare Caramelo Yogurt Sort 660Gr,,Bomboniere,1X660GR,PC,1,Ativo
29/07/2025 18:54:50,548,Bala Erlan Bombom Toffee 500Gr,,Bomboniere,1X500GR,PC,1,Ativo
29/07/2025 18:54:50,549,Bala Erlan 500Gr Mastigavel Guty Mix,,Bomboniere,1X500GR,PC,1,Ativo
29/07/2025 18:54:50,550,Bala Erlan 500Gr Mastigavel Sortida,,Bomboniere,1X500GR,PC,2,Ativo
29/07/2025 18:54:50,551,Bala Erlan 500Gr Mastigavel Toffe Leite,,Bomboniere,1X500GR,PC,1,Ativo
29/07/2025 18:54:50,552,Bala Florestal Bolinha Canela 500Gr,,Bomboniere,1X500GR,PC,1,Ativo
29/07/2025 18:54:50,553,Bala Florestal Brazilian Coffee 500Gr,,Bomboniere,1X500GR,PC,1,Ativo
29/07/2025 18:54:50,554,Bala Azedinha Macia Sortida 500G,,Bomboniere,1X500GR,PC,1,Ativo
29/07/2025 18:54:50,555,Bala Icekiss Sortida 500Gr,,Bomboniere,1X500GR,PC,2,Ativo
29/07/2025 18:54:50,556,Bala Past  Garoto Hortela 17G,,Bomboniere,40X17GR,DP,2,Ativo
29/07/2025 18:54:50,557,Bala Pastilha Lata Mentos Kiss Mint 35Gr,,Bomboniere,12X35GR,DP,1,Ativo
29/07/2025 18:54:50,558,Bala Pastilha Lata Mentos Kiss Mor 35Gr,,Bomboniere,12X35GR,DP,1,Ativo
29/07/2025 18:54:50,559,Bala Pastilha Lata Mentos Kiss Xtreme35G,,Bomboniere,12X35GR,DP,1,Ativo
29/07/2025 18:54:50,560,"Bala Pastilha Mentos Fanta Laranja 37,5G",,Bomboniere,"16X37,5GR",DP,1,Ativo
29/07/2025 18:54:50,561,"Bala Pastilha Mentos Fruit Sortido 37,5G",,Bomboniere,"16X37,5GR",DP,2,Ativo
29/07/2025 18:54:50,562,"Bala Pastilha Mentos Frutas Verm 37,5G",,Bomboniere,"16X37,5GR",DP,1,Ativo
29/07/2025 18:54:50,563,"Bala Pastilha Mentos Mint 37,5G",,Bomboniere,"16X37,5GR",DP,2,Ativo
29/07/2025 18:54:50,564,"Bala Pastilha Mentos Rainbow 37,5G",,Bomboniere,"16X37,5GR",DP,2,Ativo
29/07/2025 18:54:50,565,"Bala Pastilha Mentos Tutti Frutti 37,5G",,Bomboniere,"16X37,5GR",DP,2,Ativo
29/07/2025 18:54:50,566,"Bala Pastilha Mentos Yogurt Morango37,5G",,Bomboniere,"16X37,5GR",DP,2,Ativo
29/07/2025 18:54:50,567,"Bala Pastilha Tic Tac Frutas Citric14,5G",,Bomboniere,"14X14,5GR",DP,2,Ativo
29/07/2025 18:54:50,568,"Bala Pastilha Tic Tac Laranja 14,5Gr",,Bomboniere,"14X14,5GR",DP,2,Ativo
29/07/2025 18:54:50,569,"Bala Pastilha Tic Tac Morango 14,5Gr",,Bomboniere,"14X14,5GR",DP,2,Ativo
29/07/2025 18:54:50,570,Bala Fini 15G Ursinho,,Bomboniere,12X15GR,DP,1,Ativo
29/07/2025 18:54:50,571,Bala Fini 15G Amoras,,Bomboniere,12X15GR,DP,1,Ativo
29/07/2025 18:54:50,572,Bala Fini 15G Bananas,,Bomboniere,12X15GR,DP,1,Ativo
29/07/2025 18:54:50,573,Bala Fini 15G Beijos De Morango,,Bomboniere,12X15GR,DP,1,Ativo
29/07/2025 18:54:50,574,Bala Fini 15G Dentaduras,,Bomboniere,12X15GR,DP,1,Ativo
29/07/2025 18:54:50,575,Bala Fini 15G Minhocas Citrica,,Bomboniere,12X15GR,DP,1,Ativo
29/07/2025 18:54:50,576,Bala Fruit-Tella Dura Swirl Caramelo 41G,,Bomboniere,15X41GR,DP,1,Ativo
29/07/2025 18:54:50,577,Bala Fruit-Tella Dura Swirl Framboesa41G,,Bomboniere,15X41GR,DP,2,Ativo
29/07/2025 18:54:50,578,Bala Fruit-Tella Dura Swirl Morango 41Gr,,Bomboniere,15X41GR,DP,2,Ativo
29/07/2025 18:54:50,579,Bala Fruit-Tella Mast Morango 40Gr,,Bomboniere,16X40GR,DP,2,Ativo
29/07/2025 18:54:50,580,Agua Coco Puro Coco 180Ml,,Bebidas,27X180ML,CX,2,Ativo
29/07/2025 18:54:50,581,Agua Coco Puro Coco 1Lt,,Bebidas,12X1LT,CX,3,Ativo
29/07/2025 18:54:50,582,Nescau 180Ml,,Bebidas,27X180ML,CX,2,Ativo
29/07/2025 18:54:50,583,Toddynho 200Ml,,Bebidas,27X200ML,CX,3,Ativo
29/07/2025 18:54:50,584,Leite Ninho Integral 1Lt,,Bebidas,12X1LT,CX,1,Ativo
29/07/2025 18:54:50,585,Vinho Toro Reservado Cab Sauvignon750 Ml,,Bebidas,1X750ML,UN,1,Ativo
29/07/2025 18:54:50,586,Vinho Toro Reservado Carmenere 750Ml,,Bebidas,1X750ML,UN,1,Ativo
29/07/2025 18:54:50,587,Vinho Toro Reservado Chardonnay 750Ml,,Bebidas,1X750ML,UN,1,Ativo
29/07/2025 18:54:50,588,Vinho Toro Reservado Malbec 750Ml,,Bebidas,1X750ML,UN,1,Ativo
29/07/2025 18:54:50,589,Vinho Toro Reservado Merlot 750Ml,,Bebidas,1X750ML,UN,1,Ativo
29/07/2025 18:54:50,590,Vinho Toro Reservado Rose 750Ml,,Bebidas,1X750ML,UN,1,Ativo
29/07/2025 18:54:50,591,Vinho Toro Reservado Sauvign Blanc750Ml,,Bebidas,1X750ML,UN,1,Ativo
29/07/2025 18:54:50,592,Vinho Toro Reservado Spritzer Rose 750Ml,,Bebidas,1X750ML,UN,1,Ativo
29/07/2025 18:54:50,593,Vinho Pergola Tinto Suave 1Lt,,Bebidas,1X1LT,UN,2,Ativo
29/07/2025 18:54:50,594,Whiskey Jack Daniels Old N7 1Lt,,Bebidas,1X1LT,UN,1,Ativo
29/07/2025 18:54:50,595,Whiskey Jack Daniels Apple 1Lt,,Bebidas,1X1LT,UN,1,Ativo
29/07/2025 18:54:50,596,Whiskey Jack Daniels Honey 1Lt,,Bebidas,1X1LT,UN,1,Ativo
29/07/2025 18:54:50,597,Whisky Ballantines Finest 750Ml,,Bebidas,1X1LT,UN,1,Ativo
29/07/2025 18:54:50,598,Whisky J Walker Red Label 750Ml,,Bebidas,1X750ML,UN,1,Ativo
29/07/2025 18:54:50,599,Whisky J Walker Red Label 8Anos 1Lt,,Bebidas,1X1LT,UN,1,Ativo
29/07/2025 18:54:50,600,Whisky J Walker  Black Label 12A 1Lt,,Bebidas,1X1LT,UN,1,Ativo
29/07/2025 18:54:50,601,Whisky Old Parr 12 Anos 1Lt,,Bebidas,1X1LT,UN,1,Ativo
29/07/2025 18:54:50,602,Whisky White Horse 1Lt Un,,Bebidas,1X1LT,UN,1,Ativo
29/07/2025 18:54:50,603,"Chicle Danclets Tutti Frutti 10,5Gr",,Bomboniere,"15X10,5GR",DP,2,Ativo
29/07/2025 18:54:50,604,Chicle Bubbaloo Hort/Menta 60Un,,Bomboniere,1X60UN,DP,2,Ativo
29/07/2025 18:54:50,605,Chicle Bubbaloo Morango 60Un,,Bomboniere,1X60UN,DP,3,Ativo
29/07/2025 18:54:50,606,Chicle Bubbaloo Tutti Frutti 60Un,,Bomboniere,1X60UN,DP,3,Ativo
29/07/2025 18:54:50,607,Chicle Bubbaloo Uva 60Un,,Bomboniere,1X60UN,DP,3,Ativo
29/07/2025 18:54:50,608,"Chicle Mentos Pure Spearmint 8,5G",,Bomboniere,"15X8,5GR",DP,2,Ativo
29/07/2025 18:54:50,609,"Chicle Mentos Pure Strong Mint 8,5G",,Bomboniere,"15X8,5GR",DP,2,Ativo
29/07/2025 18:54:50,610,"Chicle Mentos Pure Fruit 8,5G",,Bomboniere,"15X8,5GR",DP,2,Ativo
29/07/2025 18:54:50,611,"Chicle Mentos Pure Fresh Mint 3C 8,5G",,Bomboniere,"15X8,5GR",DP,2,Ativo
29/07/2025 18:54:50,612,Chicle Mentos Gf Gum Vitamins 48Gr,,Bomboniere,6X48GR,DP,1,Ativo
29/07/2025 18:54:50,613,Chicle Mentos Gf Pure Fresh Min 56G,,Bomboniere,6X56GR,DP,1,Ativo
29/07/2025 18:54:50,614,Chicle Mentos Gf Pure Melancia 56G,,Bomboniere,6X56GR,DP,1,Ativo
29/07/2025 18:54:50,615,Chicle Mentos Gf Pure Morango 56G,,Bomboniere,6X56GR,DP,1,Ativo
29/07/2025 18:54:50,616,Chicle Mentos Gf Pure Up2U Mint/T Fr 56G,,Bomboniere,6X56GR,DP,1,Ativo
29/07/2025 18:54:50,617,Chicle Mentos Gf Pure Wtgreen 56G,,Bomboniere,6X56GR,DP,1,Ativo
29/07/2025 18:54:50,618,Chicle Trident Blueberry Citrus,,Bomboniere,21X1UN,DP,1,Ativo
29/07/2025 18:54:50,619,Chicle Trident Canela,,Bomboniere,21X1UN,DP,2,Ativo
29/07/2025 18:54:50,620,Chicle Trident Hortela,,Bomboniere,21X1UN,DP,3,Ativo
29/07/2025 18:54:50,621,Chicle Trident Intense Fresh,,Bomboniere,21X1UN,DP,1,Ativo
29/07/2025 18:54:50,622,Chicle Trident Melancia,,Bomboniere,21X1UN,DP,2,Ativo
29/07/2025 18:54:50,623,Chicle Trident Menta,,Bomboniere,21X1UN,DP,2,Ativo
29/07/2025 18:54:50,624,Chicle Trident Morango,,Bomboniere,21X1UN,DP,2,Ativo
29/07/2025 18:54:50,625,Chicle Trident Tutti Frutti,,Bomboniere,21X1UN,DP,2,Ativo
29/07/2025 18:54:50,626,Chicle Trident X Senses Hortela Gf,,Bomboniere,6X28UN,DP,2,Ativo
29/07/2025 18:54:50,627,Chicle Trident X Senses Melancia Gf,,Bomboniere,6X28UN,DP,2,Ativo
29/07/2025 18:54:50,628,Chicle Trident X Senses Morango Gf,,Bomboniere,6X28UN,DP,2,Ativo
29/07/2025 18:54:50,629,Chicle Trident  Max Hortela,,Bomboniere,14X5UN,DP,1,Ativo
29/07/2025 18:54:50,630,Chicle Trident  Max Mentaberry,,Bomboniere,14X5UN,DP,1,Ativo
29/07/2025 18:54:50,631,Chicle Trident  Max Raspberry,,Bomboniere,14X5UN,DP,1,Ativo
29/07/2025 18:54:50,632,Choc Baton Branco 16Gr,,Bomboniere,30X16GR,DP,2,Ativo
29/07/2025 18:54:50,633,Choc Baton Duo 16Gr,,Bomboniere,30X16GR,DP,1,Ativo
29/07/2025 18:54:50,634,Choc Baton Extra Milk 16Gr,,Bomboniere,30X16GR,DP,1,Ativo
29/07/2025 18:54:50,635,Choc Baton Leite 16Gr,,Bomboniere,30X16GR,DP,3,Ativo
29/07/2025 18:54:50,636,Choc Baton Recheado Leite 16Gr,,Bomboniere,30X16GR,DP,1,Ativo
29/07/2025 18:54:50,637,Choc Bombom Bis Black 16X1,,Bomboniere,1X16UN,DP,1,Ativo
29/07/2025 18:54:50,638,Choc Bombom Bis Oreo 16X1,,Bomboniere,1X16UN,DP,1,Ativo
29/07/2025 18:54:50,639,Choc Bombom Bis Branco 16X1,,Bomboniere,1X16UN,DP,1,Ativo
29/07/2025 18:54:50,640,Choc Bombom Bis Original 16X1,,Bomboniere,1X16UN,DP,1,Ativo
29/07/2025 18:54:50,641,Choc Bombom Bis Xtra Black 45Gr,,Bomboniere,24X45GR,DP,2,Ativo
29/07/2025 18:54:50,642,Choc Bombom Bis Xtra Oreo 45Gr,,Bomboniere,24X45GR,DP,3,Ativo
29/07/2025 18:54:50,643,Choc Bombom Bis Xtra Original 45Gr,,Bomboniere,24X45GR,DP,2,Ativo
29/07/2025 18:54:50,644,Choc Bombom Bonobon Beijinho 750G,,Bomboniere,1X750GR,PC,2,Ativo
29/07/2025 18:54:50,645,Caixa De Bombom Nestle Especialidades 251Gr,,Bomboniere,1X251GR,DP,1,Ativo
29/07/2025 18:54:50,646,Caixa De Bombom Garoto 250Gr,,Bomboniere,1X250GR,DP,1,Ativo
29/07/2025 18:54:50,647,Caixa De Bombom Lacta Variedade 250Gr,,Bomboniere,"1X250,6GR",DP,1,Ativo
29/07/2025 18:54:50,648,Caixa De Bombom Trento 192Gr,,Bomboniere,1X192GR,UN,1,Ativo
29/07/2025 18:54:50,649,Choc Dori Disquetti 18Gr,,Bomboniere,24X18GR,DP,2,Ativo
29/07/2025 18:54:50,650,Choc Kinder Bueno White 39Gr,,Bomboniere,15X39GR,PC,2,Ativo
29/07/2025 18:54:50,651,Choc Kinder Ovo Joy Surpresa 20Gr,,Bomboniere,16X20GR,DP,2,Ativo
29/07/2025 18:54:50,652,Choc Kinder Ovo Menino 20Gr,,Bomboniere,16X20GR,DP,2,Ativo
29/07/2025 18:54:50,653,Choc Kinder Ovo Menina 20Gr,,Bomboniere,16X20GR,DP,2,Ativo
29/07/2025 18:54:50,654,Choc Diamante Negro 20Gr,,Bomboniere,20X20GR,DP,2,Ativo
29/07/2025 18:54:50,655,Choc Laka 20Gr,,Bomboniere,20X20GR,DP,2,Ativo
29/07/2025 18:54:50,656,Choc Lacta Ao Leite 50Gr,,Bomboniere,"21X50,1GR",DP,2,Ativo
29/07/2025 18:54:50,657,Choc Laka 50Gr,,Bomboniere,"21X50,1GR",DP,1,Ativo
29/07/2025 18:54:50,658,Choc Shot 50Gr,,Bomboniere,"21X50,1GR",DP,1,Ativo
29/07/2025 18:54:50,659,Choc 5Star 40Gr,,Bomboniere,18X40GR,DP,2,Ativo
29/07/2025 18:54:50,660,Choc Wafer Ouro Branco 25Gr,,Bomboniere,15X25GR,DP,2,Ativo
29/07/2025 18:54:50,661,Choc Wafer Sonho De Valsa 25Gr,,Bomboniere,15X25GR,DP,2,Ativo
29/07/2025 18:54:50,662,Choc M&M Ao Leite 45Gr,,Bomboniere,18X45GR,DP,2,Ativo
29/07/2025 18:54:50,663,Choc M&M Ao Leite Tubo 30Gr,,Bomboniere,12X30GR,DP,1,Ativo
29/07/2025 18:54:50,664,Choc Chokito 32Gr,,Bomboniere,30X32GR,DP,2,Ativo
29/07/2025 18:54:50,665,Choc Prestigio 33Gr,,Bomboniere,30X33GR,DP,3,Ativo
29/07/2025 18:54:50,666,Choc Prestigio Dark 33Gr,,Bomboniere,30X33GR,DP,1,Ativo
29/07/2025 18:54:50,667,Choc Suflair Duo 80Gr,,Bomboniere,16X80GR,DP,1,Ativo
29/07/2025 18:54:50,668,Choc Suflair Leite 80Gr,,Bomboniere,16X80GR,DP,2,Ativo
29/07/2025 18:54:50,669,"Choc Kit Kat Ao Leite41,5Gr",,Bomboniere,"24X41,5GR",DP,3,Ativo
29/07/2025 18:54:50,670,"Choc Kit Kat Branco 41,5Gr",,Bomboniere,"24X41,5GR",DP,3,Ativo
29/07/2025 18:54:50,671,"Choc Kit Kat Dark 41,5Gr",,Bomboniere,"24X41,5GR",DP,3,Ativo
29/07/2025 18:54:50,672,Choc Snickers Pe De Moleque 42Gr,,Bomboniere,20X42GR,DP,1,Ativo
29/07/2025 18:54:50,673,Choc Snickers Dark 42Gr,,Bomboniere,20X42GR,DP,1,Ativo
29/07/2025 18:54:50,674,Choc Snickers Original 45Gr,,Bomboniere,20X45GR,DP,2,Ativo
29/07/2025 18:54:50,675,Choc Talento Branco/Cereais 25Gr,,Bomboniere,15X25GR,DP,1,Ativo
29/07/2025 18:54:50,676,Choc Talento Avela 25Gr,,Bomboniere,15X25GR,DP,2,Ativo
29/07/2025 18:54:50,677,Choc Talento Choc  Bco/Cereais 85Gr,,Bomboniere,12X85GR,DP,1,Ativo
29/07/2025 18:54:50,678,Choc Talento Choc  Bco/Doce Leite 85Gr,,Bomboniere,12X85GR,DP,1,Ativo
29/07/2025 18:54:50,679,Choc Talento Amend Passsas 85Gr,,Bomboniere,12X85GR,DP,2,Ativo
29/07/2025 18:54:50,680,Choc Talento Avelas 85Gr,,Bomboniere,12X85GR,DP,2,Ativo
29/07/2025 18:54:50,681,Choc Talento Castanha Para 85Gr,,Bomboniere,12X85GR,DP,2,Ativo
29/07/2025 18:54:50,682,Choc Talenτο Μειο Αmargo 85Gr,,Bomboniere,12X85GR,DP,1,Ativo
29/07/2025 18:54:50,683,"Choc Tortuguita Brigadeiro 15,5Gr",,Bomboniere,"24X15,5GR",DP,1,Ativo
29/07/2025 18:54:50,684,"Choc Tortuguita Choc/Baunilha 15,5Gr",,Bomboniere,"24X15,5GR",DP,1,Ativo
29/07/2025 18:54:50,685,Choc Trento Bites Avela Ao Leite 40Gr,,Bomboniere,12X40GR,DP,1,Ativo
29/07/2025 18:54:50,686,Choc Trento Bites Branco Dark 40Gr,,Bomboniere,12X40GR,DP,1,Ativo
29/07/2025 18:54:50,687,Choc Trento Bites Dark 40Gr,,Bomboniere,12X40GR,DP,1,Ativo
29/07/2025 18:54:50,688,Choc Trento Bites Duo 40Gr,,Bomboniere,12X40GR,DP,1,Ativo
29/07/2025 18:54:50,689,Choc Trento Bites Leite 40Gr,,Bomboniere,12X40GR,DP,1,Ativo
29/07/2025 18:54:50,690,Choc Trento Bites Milk 40Gr,,Bomboniere,12X40GR,DP,1,Ativo
29/07/2025 18:54:50,691,Choc Trento Bites Mousse Maracuja 40Gr,,Bomboniere,12X40GR,DP,1,Ativo
29/07/2025 18:54:50,692,Choc Trento Bites Torta De Limao 40Gr,,Bomboniere,12X40GR,DP,1,Ativo
29/07/2025 18:54:50,693,Choc Trento Massimo Iorgute Fr Verm 25Gr,,Bomboniere,15X25GR,DP,1,Ativo
29/07/2025 18:54:50,694,Choc Trento Massimo Chocolate 25Gr,,Bomboniere,15X25GR,DP,1,Ativo
29/07/2025 18:54:50,695,Choc Trento Massimo Coco 25Gr,,Bomboniere,15X25GR,DP,1,Ativo
29/07/2025 18:54:50,696,Choc Trento Massimo Dark 25Gr,,Bomboniere,15X25GR,DP,1,Ativo
29/07/2025 18:54:50,697,Choc Trento Massimo Nuts 25Gr,,Bomboniere,15X25GR,DP,1,Ativo
29/07/2025 18:54:50,698,Choc Trento Massimo Banoffee 25Gr,,Bomboniere,15X25GR,DP,1,Ativo
29/07/2025 18:54:50,699,Choc Trento Massimo Branco Cookies 25Gr,,Bomboniere,15X25GR,DP,1,Ativo
29/07/2025 18:54:50,700,Choc Trento Massimo Duo 25Gr,,Bomboniere,15X25GR,DP,1,Ativo
29/07/2025 18:54:50,701,Choc Trento Avela 29Gr,,Bomboniere,16X29GR,DP,2,Ativo
29/07/2025 18:54:50,702,Choc Trento Caramelo 29Gr,,Bomboniere,16X29GR,DP,2,Ativo
29/07/2025 18:54:50,703,Choc Trento Ch  Bco/Dark 29Gr,,Bomboniere,16X29GR,DP,2,Ativo
29/07/2025 18:54:50,704,Choc Trento Cheesecake De Morango 29Gr,,Bomboniere,16X29GR,DP,1,Ativo
29/07/2025 18:54:50,705,Choc Trento Chocolate 29Gr,,Bomboniere,16X29GR,DP,2,Ativo
29/07/2025 18:54:50,706,Choc Trento Dark 29Gr,,Bomboniere,16X29GR,DP,1,Ativo
29/07/2025 18:54:50,707,Choc Trento Duo 29Gr,,Bomboniere,16X29GR,DP,1,Ativo
29/07/2025 18:54:50,708,Choc Trento Milk 29Gr,,Bomboniere,16X29GR,DP,1,Ativo
29/07/2025 18:54:50,709,Choc Trento Morango 29Gr,,Bomboniere,16X29GR,DP,1,Ativo
29/07/2025 18:54:50,710,Choc Trento Mousse Maracuja 29Gr,,Bomboniere,16X29GR,DP,1,Ativo
29/07/2025 18:54:50,711,Choc Trento Torta Limao 29Gr,,Bomboniere,16X29GR,DP,1,Ativo
29/07/2025 18:54:50,712,Choco Nutella B-Ready 22Gr,,Bomboniere,10X22GR,DP,2,Ativo
29/07/2025 18:54:50,713,Drops Halls Cereja,,Bomboniere,21X10UN,DP,1,Ativo
29/07/2025 18:54:50,714,Drops Halls Extra Forte,,Bomboniere,21X10UN,DP,2,Ativo
29/07/2025 18:54:50,715,Drops Halls Melancia,,Bomboniere,21X10UN,DP,2,Ativo
29/07/2025 18:54:50,716,Drops Halls Menta,,Bomboniere,21X10UN,DP,2,Ativo
29/07/2025 18:54:50,717,Drops Halls Menta Prata,,Bomboniere,21X10UN,DP,2,Ativo
29/07/2025 18:54:50,718,Drops Halls Mentol,,Bomboniere,21X10UN,DP,1,Ativo
29/07/2025 18:54:50,719,Drops Halls Morango,,Bomboniere,21X10UN,DP,2,Ativo
29/07/2025 18:54:50,720,Drops Halls Uva Verde 28G,,Bomboniere,21X10UN,DP,2,Ativo
29/07/2025 18:54:50,721,Pirulito Boka Loka Sortido 12Gr,,Bomboniere,30X12GR,DP,1,Ativo
29/07/2025 18:54:50,722,Pirulito Catavento Sortido 12Gr,,Bomboniere,12X12GR,DP,1,Ativo
29/07/2025 18:54:50,723,Pirulito Dip Loko Mola Jokenpo 12Gr,,Bomboniere,30X12GR,DP,1,Ativo
29/07/2025 18:54:50,724,Pirulito Dip Loko Booom Morango 11Gr,,Bomboniere,15X11GR,DP,1,Ativo
29/07/2025 18:54:50,725,Pirulito Dip Loko Booom Uva 11Gr,,Bomboniere,15X11GR,DP,1,Ativo
29/07/2025 18:54:50,726,Pirulito Peccin Maca Do Amor Pct 24Un,,Bomboniere,1X480GR,PC,1,Ativo
29/07/2025 18:54:50,727,Pirulito Peccin Maca Verde Amor Pct24Un,,Bomboniere,1X480GR,PC,1,Ativo
29/07/2025 18:54:50,728,Pirulito Blong Energy Pct 24Un,,Bomboniere,1X672GR,PC,2,Ativo
29/07/2025 18:54:50,729,Pirulito Blong Sortido Pct 24Un,,Bomboniere,1X672GR,PC,1,Ativo
29/07/2025 18:54:50,730,Pirulito Dip Loko Donuts Sortido 15Gr,,Bomboniere,60X15GR,DP,1,Ativo
29/07/2025 18:54:50,731,Pirulito Dip Loko Monster Sortido 15Gr,,Bomboniere,60X15GR,DP,1,Ativo
29/07/2025 18:54:50,732,Pirulito Dip Loko Neon Monster Olho 10Gr,,Bomboniere,15X10GR,DP,1,Ativo
29/07/2025 18:54:50,733,Pirulito Dip Loko Neon Unicorno Sort 10G,,Bomboniere,15X10GR,DP,1,Ativo
05/08/2025 18:47:00,734,Choc Ferrero Rocher T12,,Bomboniere,,UN,,Ativo
05/08/2025 18:47:00,735,Choc Ferrero Rocher T8,,Bomboniere,,UN,,Ativo
05/08/2025 18:47:00,736,Choc Ferrero Rocher T3,,Bomboniere,,UN,,Ativo
05/08/2025 18:47:00,737,Choc Ferrero Rocher Tablete Ao Leite 90G,,Bomboniere,,UN,,Ativo
05/08/2025 18:47:00,738,Choc Ferrero Rocher Tablete Branco 90G,,Bomboniere,,UN,,Ativo
05/08/2025 18:47:00,739,Choc Ferrero Rocher Tablete Dark 90G,,Bomboniere,,UN,,Ativo
05/08/2025 18:47:00,740,Choc Hanuta 22Gr,,Bomboniere,,UN,,Ativo
05/08/2025 18:47:00,741,Choc Kinder Bueno Ao Leite,,Bomboniere,,UN,,Ativo
05/08/2025 18:47:00,742,Choc Kinder Chocolate T1,,Bomboniere,,UN,,Ativo
05/08/2025 18:47:00,743,Choc Kinder Chocolate T4,,Bomboniere,,UN,,Ativo
05/08/2025 18:47:00,744,Choc Kinder Chocolate T6,,Bomboniere,,UN,,Ativo
05/08/2025 18:47:00,745,Choc Kinder Tronky 18Gr,,Bomboniere,,UN,,Ativo
05/08/2025 18:47:00,746,Nutella Ferrero 140G,,Bomboniere,,UN,,Ativo
05/08/2025 18:47:00,747,Nutella Ferrero 350G,,Bomboniere,,UN,,Ativo
05/08/2025 18:47:00,748,Nutella Ferrero 650G,,Bomboniere,,UN,,Ativo
05/08/2025 18:47:00,749,Choc Rafaello T15,,Bomboniere,,UN,,Ativo
05/08/2025 18:47:00,750,Choc Rafaello T3,,Bomboniere,,UN,,Ativo
05/08/2025 18:47:00,751,"Bala Pastilha Tic Tac Frutas 14,5G",,Bomboniere,,UN,,Ativo
05/08/2025 18:47:00,752,"Bala Pastilha Tic Tac Menta 14,5G",,Bomboniere,,UN,,Ativo
05/08/2025 18:47:00,753,"Bala Pastilha Tic Tac Menta Fresh 14,5G",,Bomboniere,,UN,,Ativo
05/08/2025 18:47:00,754,Bebida Láctea Pacoquita 200Ml ,,Bebidas,,UN,,Ativo
05/08/2025 18:47:00,755,Salgado Crokissimo 150G Lev Salgado,,Merceria,,UN,,Ativo
05/08/2025 18:47:00,756,Salgado Crokissimo 150G Pimenta Suave,,Merceria,,UN,,Ativo
05/08/2025 18:47:00,757,Salgado Crokissimo 150G Salsa E Cebola,,Merceria,,UN,,Ativo
05/08/2025 18:47:00,758,Mendorato 70G,,Merceria,,UN,,Ativo
05/08/2025 18:47:00,759,Paçoca Paçoquita Cob Chocolate 432Gr,,Bomboniere,,UN,,Ativo
05/08/2025 18:47:00,760,Paçoca Paçoquita Diet 432Gr,,Bomboniere,,UN,,Ativo
05/08/2025 18:47:00,761,Paçoca Paçoquita Lovers 432Gr,,Bomboniere,,UN,,Ativo
05/08/2025 18:47:00,762,Paçoca Paçoquita Quadrada 432Gr,,Bomboniere,,UN,,Ativo
05/08/2025 18:47:00,763,Salgado Troféu Bacon 40Gr,,Merceria,,UN,,Ativo
05/08/2025 18:47:00,764,Salgado Troféu Churrasco 40Gr,,Merceria,,UN,,Ativo
05/08/2025 18:47:00,765,Salgado Troféu Pimenta 40Gr,,Merceria,,UN,,Ativo
05/08/2025 18:47:00,766,Salgado Troféu Queijo 40Gr,,Merceria,,UN,,Ativo
05/08/2025 18:47:00,767,Salgado Troféu Salsa E Cebola 40Gr,,Merceria,,UN,,Ativo
05/08/2025 18:47:00,768,Barra Proteína Nutrata Caramelo/Chocolate Dark,,Bomboniere,,UN,,Ativo
05/08/2025 18:47:00,769,Barra Proteína Nutrata Caramelo Com Cobertura Chocolate ,,Bomboniere,,UN,,Ativo
05/08/2025 18:47:00,770,Barra Proteína Nutrata Choconut 70G,,Bomboniere,,UN,,Ativo
05/08/2025 18:47:00,771,Barra Proteína Nutrata Doce De Leite Whey Havana ,,Bomboniere,,UN,,Ativo
05/08/2025 18:47:00,772,Barra Whey Grego Brigadeiro 40G,,Bomboniere,,UN,,Ativo
05/08/2025 18:47:00,773,Barra Whey Grego Mousse De Maracujá ,,Bomboniere,,UN,,Ativo
05/08/2025 18:47:00,774,Barra Yopro Choco,,Bomboniere,,UN,,Ativo
05/08/2025 18:47:00,775,Barra Yopro Choco/ Branco,,Bomboniere,,UN,,Ativo
05/08/2025 18:47:00,776,Suco Uva Integral Aliança 1L,,Bebidas,,UN,,Ativo
05/08/2025 18:47:00,777,"Suco Uva Aliança 1,5L",,Bebidas,,UN,,Ativo
05/08/2025 18:47:00,778,Suco Caju Tial 1L,,Bebidas,,UN,,Ativo
05/08/2025 18:47:00,779,Suco Uva Tial 1L,,Bebidas,,UN,,Ativo
05/08/2025 18:47:00,780,Suco Pêssego Tial 1L,,Bebidas,,UN,,Ativo
07/08/2025 15:17:29,781,Suco Mitto Tangerina 300ml,C,Bebidas,12x300ml,FD,1,Ativo
07/08/2025 15:18:47,782,Suco Mitto Uva Tinto 300ml,C,Bebidas,12x300ml,FD,1,Ativo
11/08/2025 14:12:58,783,"Requeijao Cremoso *Catupiry* Original 1,5 Kg *BAG*",A,Atendimento,"1,5Kg",UN,12,Ativo
12/08/2025 14:12:58,784,Salgado Torcida Pimenta Mexicana 35G,,Merceria,26X35GR,CX,1,Ativo
12/08/2025 14:12:58,785,Salgado Torcida Costela 35Gr,,Merceria,26X35GR,CX,1,Ativo
12/08/2025 14:12:58,786,Salgado Torcida Churrasco 35Gr,,Merceria,26X35GR,CX,1,Ativo
12/08/2025 14:12:58,787,Salgado Torcida Cebola 35Gr,,Merceria,26X35GR,CX,1,Ativo
12/08/2025 14:12:58,788,Salgado Torcida Bacon 35Gr,,Merceria,26X35GR,CX,1,Ativo
12/08/2025 14:12:58,789,Salgado Fandangos Presunto 160Gr,,Merceria,12X160GR,CX,1,Ativo
12/08/2025 14:12:58,790,Salgado Fandangos Presunto 35Gr,,Merceria,56X35GR,CX,1,Ativo
12/08/2025 14:12:58,791,Salgado Doritos Nacho 120Gr,,Merceria,17X120GR,CX,1,Ativo
12/08/2025 14:12:58,792,Salgado Doritos Nacho 75Gr,,Merceria,25X75GR,CX,1,Ativo
12/08/2025 14:12:58,793,Salgado Doritos Nacho 32Gr,,Merceria,58X32GR,CX,1,Ativo
12/08/2025 14:12:58,794,Salgado Cheetos Onda Requeijao 160G,,Merceria,12X160GR,CX,1,Ativo
12/08/2025 14:12:58,795,Salgado Cheetos Onda Requeijao 40G,,Merceria,56X40GR,CX,1,Ativo
12/08/2025 14:12:58,796,Salgado Cebolitos 138Gr,,Merceria,12X138GR,CX,1,Ativo
12/08/2025 14:12:58,797,Salgado Cebolitos 45Gr,,Merceria,40X45GR,CX,1,Ativo
12/08/2025 14:12:58,798,Salgado Batata Sensacoes Frango 40G,,Merceria,42X40GR,CX,1,Ativo
12/08/2025 14:12:58,799,Salgado Batata Ruffles.Orig Tb100Gr,,Merceria,1X100GR,UN,1,Ativo
12/08/2025 14:12:58,800,Salgado Batata Ruffles Original68Gr,,Merceria,25X68GR,CX,1,Ativo
12/08/2025 14:12:58,801,Salgado Batata Ruffles Original33Gr,,Merceria,56X33GR,CX,1,Ativo
12/08/2025 14:12:58,802,Salgado Batata Ruffles Churrasco33G,,Merceria,56X33GR,CX,1,Ativo
12/08/2025 14:12:58,803,Salgado Batata Ruffles Cebola 33Gr,,Merceria,56X33GR,CX,1,Ativo
12/08/2025 14:12:58,804,Salgado Baconzitos 130Gr,,Merceria,10X130GR,CX,1,Ativo
12/08/2025 14:12:58,805,Salgado Baconzitos 42Gr,,Merceria,21X42GR,CX,1,Ativo